event_time;uid;event_name
2024-10-22 03:38:50.902000;96080880366;pageview
2024-10-22 05:30:49.722000;96080880366;pageview
2024-10-22 05:29:57.144000;1.00E+11;pageview
2024-10-22 19:11:59.472000;1.02E+11;success
2024-10-22 19:07:31.105000;1.02E+11;pageview
2024-10-22 03:35:49.675000;1.05E+11;pageview
2024-10-22 03:36:31.640000;1.05E+11;pageview
2024-10-22 03:40:58.107000;1.05E+11;pageview
2024-10-22 03:38:31.641000;1.05E+11;pageview
2024-10-22 03:40:51.876000;1.05E+11;pageview
2024-10-22 11:29:19.165000;1.05E+11;product_bin
2024-10-22 07:53:00.408000;1.06E+11;pageview
2024-10-22 07:52:46.576000;1.06E+11;pageview
2024-10-22 23:53:04.869000;1.08E+11;pageview
2024-10-22 23:53:04.869000;1.08E+11;pageview
2024-10-22 23:55:38.620000;1.08E+11;product_bin
2024-10-22 23:55:38.620000;1.08E+11;product_bin
2024-10-22 23:54:34.866000;1.08E+11;pageview
2024-10-22 23:54:34.866000;1.08E+11;pageview
2024-10-22 23:54:06.976000;1.08E+11;success
2024-10-22 23:55:53.281000;1.08E+11;product_bin
2024-10-22 23:55:53.281000;1.08E+11;product_bin
2024-10-22 23:56:10.441000;1.08E+11;product_bin
2024-10-22 23:56:10.441000;1.08E+11;product_bin
2024-10-22 23:56:19.812000;1.08E+11;product_bin
2024-10-22 23:56:19.812000;1.08E+11;product_bin
2024-10-22 23:53:58.674000;1.08E+11;product_bin
2024-10-22 23:53:58.674000;1.08E+11;product_bin
2024-10-22 03:25:08.499000;1.08E+11;pageview
2024-10-22 02:57:23.282000;1.08E+11;pageview
2024-10-22 04:42:24.060000;1.08E+11;pageview
2024-10-22 03:58:28.291000;1.08E+11;pageview
2024-10-22 05:26:20.316000;1.08E+11;pageview
2024-10-22 02:58:08.329000;1.08E+11;product_bin
2024-10-22 01:50:52.221000;1.08E+11;product_bin
2024-10-22 01:36:20.543000;1.08E+11;product_bin
2024-10-22 01:34:27.695000;1.08E+11;pageview
2024-10-22 01:35:50.615000;1.08E+11;product_bin
2024-10-22 00:37:38.994000;1.08E+11;pageview
2024-10-22 01:43:57.684000;1.08E+11;pageview
2024-10-22 01:36:29.344000;1.08E+11;product_bin
2024-10-22 03:25:55.313000;1.08E+11;product_bin
2024-10-22 03:53:52.156000;1.08E+11;pageview
2024-10-22 03:54:49.525000;1.08E+11;product_bin
2024-10-22 03:58:49.465000;1.08E+11;product_bin
2024-10-22 03:53:29.846000;1.08E+11;pageview
2024-10-22 11:41:45.866000;1.08E+11;pageview
2024-10-22 11:41:44.455000;1.08E+11;pageview
2024-10-22 05:49:45.383000;1.08E+11;pageview
2024-10-22 05:59:00.188000;1.08E+11;pageview
2024-10-22 06:14:07.861000;1.08E+11;pageview
2024-10-22 07:04:28.269000;1.08E+11;pageview
2024-10-22 08:48:28.945000;1.08E+11;pageview
2024-10-22 08:52:40.906000;1.08E+11;pageview
2024-10-22 07:17:30.840000;1.08E+11;pageview
2024-10-22 07:54:08.546000;1.08E+11;pageview
2024-10-22 12:16:06.145000;1.08E+11;pageview
2024-10-22 07:52:18.985000;1.08E+11;pageview
2024-10-22 09:54:52.715000;1.08E+11;pageview
2024-10-22 12:32:34.056000;1.08E+11;pageview
2024-10-22 08:06:43.348000;1.08E+11;pageview
2024-10-22 14:04:59.703000;1.08E+11;pageview
2024-10-22 13:49:12.556000;1.08E+11;pageview
2024-10-22 13:19:38.375000;1.08E+11;pageview
2024-10-22 11:07:13.780000;1.08E+11;pageview
2024-10-22 10:49:59.917000;1.08E+11;pageview
2024-10-22 10:57:50.587000;1.08E+11;pageview
2024-10-22 09:49:50.747000;1.08E+11;pageview
2024-10-22 09:52:09.503000;1.08E+11;pageview
2024-10-22 09:48:14.532000;1.08E+11;pageview
2024-10-22 12:03:38.491000;1.08E+11;pageview
2024-10-22 09:48:39.007000;1.08E+11;pageview
2024-10-22 18:04:22.357000;1.08E+11;pageview
2024-10-22 09:50:32.820000;1.08E+11;pageview
2024-10-22 08:57:54.790000;1.08E+11;pageview
2024-10-22 13:14:22.830000;1.08E+11;pageview
2024-10-22 09:50:54.018000;1.08E+11;pageview
2024-10-22 12:56:36.525000;1.08E+11;pageview
2024-10-22 12:05:22.770000;1.08E+11;pageview
2024-10-22 14:44:43.421000;1.08E+11;pageview
2024-10-22 11:43:20.014000;1.08E+11;pageview
2024-10-22 13:55:15.985000;1.08E+11;pageview
2024-10-22 08:59:15.460000;1.08E+11;pageview
2024-10-22 14:50:44.283000;1.08E+11;pageview
2024-10-22 14:47:09.061000;1.08E+11;pageview
2024-10-22 14:46:47.259000;1.08E+11;pageview
2024-10-22 12:40:15.359000;1.08E+11;pageview
2024-10-22 13:06:53.623000;1.08E+11;pageview
2024-10-22 12:54:04.501000;1.08E+11;pageview
2024-10-22 14:48:53.092000;1.08E+11;pageview
2024-10-22 10:57:04.319000;1.08E+11;pageview
2024-10-22 08:11:20.385000;1.08E+11;product_bin
2024-10-22 08:11:20.385000;1.08E+11;product_bin
2024-10-22 08:11:57.162000;1.08E+11;product_bin
2024-10-22 08:11:57.162000;1.08E+11;product_bin
2024-10-22 08:11:57.162000;1.08E+11;product_bin
2024-10-22 08:11:57.162000;1.08E+11;product_bin
2024-10-22 08:11:57.162000;1.08E+11;product_bin
2024-10-22 08:11:57.162000;1.08E+11;product_bin
2024-10-22 08:12:14.372000;1.08E+11;product_bin
2024-10-22 08:12:14.372000;1.08E+11;product_bin
2024-10-22 08:12:14.372000;1.08E+11;product_bin
2024-10-22 08:12:14.372000;1.08E+11;product_bin
2024-10-22 08:11:26.921000;1.08E+11;pageview
2024-10-22 08:11:26.921000;1.08E+11;pageview
2024-10-22 08:11:26.921000;1.08E+11;pageview
2024-10-22 08:11:26.921000;1.08E+11;pageview
2024-10-22 08:11:26.921000;1.08E+11;pageview
2024-10-22 08:11:26.921000;1.08E+11;pageview
2024-10-22 08:10:26.891000;1.08E+11;product_bin
2024-10-22 08:10:26.891000;1.08E+11;product_bin
2024-10-22 08:10:26.891000;1.08E+11;product_bin
2024-10-22 08:11:37.546000;1.08E+11;success
2024-10-22 08:11:04.824000;1.08E+11;product_bin
2024-10-22 08:11:04.824000;1.08E+11;product_bin
2024-10-22 08:11:04.824000;1.08E+11;product_bin
2024-10-22 08:11:04.824000;1.08E+11;product_bin
2024-10-22 08:11:04.824000;1.08E+11;product_bin
2024-10-22 08:11:04.824000;1.08E+11;product_bin
2024-10-22 08:11:06.309000;1.08E+11;product_bin
2024-10-22 08:11:06.309000;1.08E+11;product_bin
2024-10-22 08:11:06.309000;1.08E+11;product_bin
2024-10-22 08:11:06.309000;1.08E+11;product_bin
2024-10-22 08:11:06.309000;1.08E+11;product_bin
2024-10-22 08:11:06.309000;1.08E+11;product_bin
2024-10-22 08:14:04.225000;1.08E+11;product_bin
2024-10-22 08:14:04.225000;1.08E+11;product_bin
2024-10-22 08:14:04.225000;1.08E+11;product_bin
2024-10-22 08:14:04.225000;1.08E+11;product_bin
2024-10-22 08:14:04.225000;1.08E+11;product_bin
2024-10-22 08:14:04.225000;1.08E+11;product_bin
2024-10-22 08:12:42.873000;1.08E+11;success
2024-10-22 08:12:42.873000;1.08E+11;success
2024-10-22 08:12:42.873000;1.08E+11;success
2024-10-22 08:12:42.873000;1.08E+11;success
2024-10-22 08:12:42.873000;1.08E+11;success
2024-10-22 08:12:42.873000;1.08E+11;success
2024-10-22 08:12:45.801000;1.08E+11;product_bin
2024-10-22 08:12:51.176000;1.08E+11;pageview
2024-10-22 08:12:51.176000;1.08E+11;pageview
2024-10-22 08:12:51.176000;1.08E+11;pageview
2024-10-22 08:12:51.176000;1.08E+11;pageview
2024-10-22 08:12:51.176000;1.08E+11;pageview
2024-10-22 08:12:51.176000;1.08E+11;pageview
2024-10-22 08:15:01.205000;1.08E+11;success
2024-10-22 08:40:51.589000;1.08E+11;pageview
2024-10-22 10:53:20.557000;1.08E+11;pageview
2024-10-22 12:13:06.750000;1.08E+11;pageview
2024-10-22 12:05:35.510000;1.08E+11;pageview
2024-10-22 12:31:29.592000;1.08E+11;pageview
2024-10-22 12:41:35.877000;1.08E+11;pageview
2024-10-22 12:41:35.877000;1.08E+11;pageview
2024-10-22 12:41:35.877000;1.08E+11;pageview
2024-10-22 12:41:35.877000;1.08E+11;pageview
2024-10-22 12:41:35.877000;1.08E+11;pageview
2024-10-22 12:41:35.877000;1.08E+11;pageview
2024-10-22 12:46:27.556000;1.08E+11;pageview
2024-10-22 12:46:27.556000;1.08E+11;pageview
2024-10-22 12:46:27.556000;1.08E+11;pageview
2024-10-22 12:46:27.556000;1.08E+11;pageview
2024-10-22 12:46:27.556000;1.08E+11;pageview
2024-10-22 14:57:38.340000;1.08E+11;success
2024-10-22 14:57:38.340000;1.08E+11;success
2024-10-22 14:57:38.340000;1.08E+11;success
2024-10-22 14:57:38.340000;1.08E+11;success
2024-10-22 14:57:38.340000;1.08E+11;success
2024-10-22 14:57:38.340000;1.08E+11;success
2024-10-22 14:55:35.732000;1.08E+11;product_bin
2024-10-22 14:55:35.732000;1.08E+11;product_bin
2024-10-22 14:55:35.732000;1.08E+11;product_bin
2024-10-22 14:55:35.732000;1.08E+11;product_bin
2024-10-22 14:55:50.061000;1.08E+11;product_bin
2024-10-22 14:55:50.061000;1.08E+11;product_bin
2024-10-22 14:55:50.061000;1.08E+11;product_bin
2024-10-22 14:55:50.061000;1.08E+11;product_bin
2024-10-22 14:55:50.061000;1.08E+11;product_bin
2024-10-22 14:55:50.061000;1.08E+11;product_bin
2024-10-22 14:55:44.895000;1.08E+11;product_bin
2024-10-22 14:55:44.895000;1.08E+11;product_bin
2024-10-22 14:55:44.895000;1.08E+11;product_bin
2024-10-22 14:55:44.895000;1.08E+11;product_bin
2024-10-22 14:55:44.895000;1.08E+11;product_bin
2024-10-22 14:55:44.895000;1.08E+11;product_bin
2024-10-22 14:55:16.168000;1.08E+11;pageview
2024-10-22 14:55:16.168000;1.08E+11;pageview
2024-10-22 14:55:16.168000;1.08E+11;pageview
2024-10-22 14:55:16.168000;1.08E+11;pageview
2024-10-22 14:55:16.168000;1.08E+11;pageview
2024-10-22 14:55:16.168000;1.08E+11;pageview
2024-10-22 14:56:21.458000;1.08E+11;product_bin
2024-10-22 14:56:21.458000;1.08E+11;product_bin
2024-10-22 14:56:21.458000;1.08E+11;product_bin
2024-10-22 14:56:21.458000;1.08E+11;product_bin
2024-10-22 14:56:21.458000;1.08E+11;product_bin
2024-10-22 14:56:21.458000;1.08E+11;product_bin
2024-10-22 14:55:29.272000;1.08E+11;success
2024-10-22 14:55:29.272000;1.08E+11;success
2024-10-22 14:55:29.272000;1.08E+11;success
2024-10-22 14:55:29.272000;1.08E+11;success
2024-10-22 14:55:29.272000;1.08E+11;success
2024-10-22 14:55:29.272000;1.08E+11;success
2024-10-22 14:55:31.316000;1.08E+11;product_bin
2024-10-22 14:55:31.316000;1.08E+11;product_bin
2024-10-22 14:55:31.316000;1.08E+11;product_bin
2024-10-22 14:55:31.316000;1.08E+11;product_bin
2024-10-22 14:55:31.316000;1.08E+11;product_bin
2024-10-22 14:55:31.316000;1.08E+11;product_bin
2024-10-22 14:55:40.202000;1.08E+11;product_bin
2024-10-22 14:55:40.202000;1.08E+11;product_bin
2024-10-22 14:55:40.202000;1.08E+11;product_bin
2024-10-22 14:55:40.202000;1.08E+11;product_bin
2024-10-22 14:55:40.202000;1.08E+11;product_bin
2024-10-22 14:55:40.202000;1.08E+11;product_bin
2024-10-22 14:57:40.834000;1.08E+11;product_bin
2024-10-22 14:57:40.834000;1.08E+11;product_bin
2024-10-22 14:57:40.834000;1.08E+11;product_bin
2024-10-22 14:57:40.834000;1.08E+11;product_bin
2024-10-22 14:57:40.834000;1.08E+11;product_bin
2024-10-22 14:57:40.834000;1.08E+11;product_bin
2024-10-22 14:59:58.130000;1.08E+11;pageview
2024-10-22 14:59:58.130000;1.08E+11;pageview
2024-10-22 14:59:58.130000;1.08E+11;pageview
2024-10-22 14:59:58.130000;1.08E+11;pageview
2024-10-22 14:59:58.130000;1.08E+11;pageview
2024-10-22 14:59:23.299000;1.08E+11;success
2024-10-22 14:59:23.299000;1.08E+11;success
2024-10-22 14:59:23.299000;1.08E+11;success
2024-10-22 14:59:23.299000;1.08E+11;success
2024-10-22 14:59:23.299000;1.08E+11;success
2024-10-22 14:58:22.142000;1.08E+11;pageview
2024-10-22 14:58:22.142000;1.08E+11;pageview
2024-10-22 14:58:22.142000;1.08E+11;pageview
2024-10-22 14:58:22.142000;1.08E+11;pageview
2024-10-22 14:58:22.142000;1.08E+11;pageview
2024-10-22 14:58:43.120000;1.08E+11;pageview
2024-10-22 14:58:43.120000;1.08E+11;pageview
2024-10-22 14:58:43.120000;1.08E+11;pageview
2024-10-22 14:58:43.120000;1.08E+11;pageview
2024-10-22 14:58:43.120000;1.08E+11;pageview
2024-10-22 15:37:25.510000;1.08E+11;product_bin
2024-10-22 15:37:25.510000;1.08E+11;product_bin
2024-10-22 15:35:05.755000;1.08E+11;product_bin
2024-10-22 15:35:05.755000;1.08E+11;product_bin
2024-10-22 15:35:05.755000;1.08E+11;product_bin
2024-10-22 15:35:05.755000;1.08E+11;product_bin
2024-10-22 15:35:05.755000;1.08E+11;product_bin
2024-10-22 15:35:05.755000;1.08E+11;product_bin
2024-10-22 15:36:35.230000;1.08E+11;pageview
2024-10-22 15:36:35.230000;1.08E+11;pageview
2024-10-22 15:36:35.230000;1.08E+11;pageview
2024-10-22 15:36:35.230000;1.08E+11;pageview
2024-10-22 15:36:35.230000;1.08E+11;pageview
2024-10-22 15:36:35.230000;1.08E+11;pageview
2024-10-22 15:35:03.091000;1.08E+11;success
2024-10-22 15:35:03.091000;1.08E+11;success
2024-10-22 15:35:03.091000;1.08E+11;success
2024-10-22 15:35:03.091000;1.08E+11;success
2024-10-22 15:35:03.091000;1.08E+11;success
2024-10-22 15:35:03.091000;1.08E+11;success
2024-10-22 15:36:25.862000;1.08E+11;product_bin
2024-10-22 15:36:25.862000;1.08E+11;product_bin
2024-10-22 15:36:25.862000;1.08E+11;product_bin
2024-10-22 15:36:25.862000;1.08E+11;product_bin
2024-10-22 15:36:25.862000;1.08E+11;product_bin
2024-10-22 15:36:25.862000;1.08E+11;product_bin
2024-10-22 15:36:23.474000;1.08E+11;success
2024-10-22 15:36:23.474000;1.08E+11;success
2024-10-22 15:36:23.474000;1.08E+11;success
2024-10-22 15:36:23.474000;1.08E+11;success
2024-10-22 15:36:23.474000;1.08E+11;success
2024-10-22 15:36:23.474000;1.08E+11;success
2024-10-22 15:34:54.410000;1.08E+11;pageview
2024-10-22 15:34:54.410000;1.08E+11;pageview
2024-10-22 15:34:54.410000;1.08E+11;pageview
2024-10-22 15:34:54.410000;1.08E+11;pageview
2024-10-22 15:34:54.410000;1.08E+11;pageview
2024-10-22 15:34:54.410000;1.08E+11;pageview
2024-10-22 15:35:21.232000;1.08E+11;pageview
2024-10-22 15:35:21.232000;1.08E+11;pageview
2024-10-22 15:35:21.232000;1.08E+11;pageview
2024-10-22 15:35:21.232000;1.08E+11;pageview
2024-10-22 15:35:21.232000;1.08E+11;pageview
2024-10-22 15:35:21.232000;1.08E+11;pageview
2024-10-22 15:39:36.577000;1.08E+11;product_bin
2024-10-22 15:39:36.577000;1.08E+11;product_bin
2024-10-22 15:39:36.577000;1.08E+11;product_bin
2024-10-22 15:39:36.577000;1.08E+11;product_bin
2024-10-22 15:38:33.942000;1.08E+11;pageview
2024-10-22 15:38:33.942000;1.08E+11;pageview
2024-10-22 15:38:33.942000;1.08E+11;pageview
2024-10-22 15:38:33.942000;1.08E+11;pageview
2024-10-22 15:39:21.684000;1.08E+11;pageview
2024-10-22 15:39:21.684000;1.08E+11;pageview
2024-10-22 15:39:21.684000;1.08E+11;pageview
2024-10-22 15:39:21.684000;1.08E+11;pageview
2024-10-22 15:37:40.440000;1.08E+11;success
2024-10-22 15:37:40.440000;1.08E+11;success
2024-10-22 15:37:40.440000;1.08E+11;success
2024-10-22 15:37:40.440000;1.08E+11;success
2024-10-22 15:37:27.650000;1.08E+11;pageview
2024-10-22 15:37:27.650000;1.08E+11;pageview
2024-10-22 15:37:27.650000;1.08E+11;pageview
2024-10-22 15:37:27.650000;1.08E+11;pageview
2024-10-22 15:38:19.796000;1.08E+11;success
2024-10-22 15:38:19.796000;1.08E+11;success
2024-10-22 15:38:19.796000;1.08E+11;success
2024-10-22 15:38:19.796000;1.08E+11;success
2024-10-22 15:39:33.118000;1.08E+11;success
2024-10-22 15:39:33.118000;1.08E+11;success
2024-10-22 15:39:33.118000;1.08E+11;success
2024-10-22 15:39:33.118000;1.08E+11;success
2024-10-22 15:37:52.501000;1.08E+11;pageview
2024-10-22 15:37:52.501000;1.08E+11;pageview
2024-10-22 15:37:52.501000;1.08E+11;pageview
2024-10-22 15:37:52.501000;1.08E+11;pageview
2024-10-22 15:40:11.058000;1.08E+11;product_bin
2024-10-22 15:40:12.858000;1.08E+11;product_bin
2024-10-22 15:40:14.722000;1.08E+11;product_bin
2024-10-22 15:40:39.751000;1.08E+11;pageview
2024-10-22 15:41:03.200000;1.08E+11;pageview
2024-10-22 15:42:27.053000;1.08E+11;success
2024-10-22 15:42:18.418000;1.08E+11;product_bin
2024-10-22 17:16:04.179000;1.08E+11;pageview
2024-10-22 18:18:54.374000;1.08E+11;pageview
2024-10-22 21:13:56.657000;1.08E+11;pageview
2024-10-22 21:13:56.657000;1.08E+11;pageview
2024-10-22 21:13:56.657000;1.08E+11;pageview
2024-10-22 21:13:56.657000;1.08E+11;pageview
2024-10-22 21:13:56.657000;1.08E+11;pageview
2024-10-22 21:13:56.657000;1.08E+11;pageview
2024-10-22 21:13:41.915000;1.08E+11;success
2024-10-22 21:13:41.915000;1.08E+11;success
2024-10-22 21:13:41.915000;1.08E+11;success
2024-10-22 21:13:41.915000;1.08E+11;success
2024-10-22 21:13:41.915000;1.08E+11;success
2024-10-22 21:13:41.915000;1.08E+11;success
2024-10-22 21:11:31.246000;1.08E+11;success
2024-10-22 21:11:31.246000;1.08E+11;success
2024-10-22 21:11:31.246000;1.08E+11;success
2024-10-22 21:11:31.246000;1.08E+11;success
2024-10-22 21:11:31.246000;1.08E+11;success
2024-10-22 21:11:31.246000;1.08E+11;success
2024-10-22 21:12:05.605000;1.08E+11;success
2024-10-22 21:12:05.605000;1.08E+11;success
2024-10-22 21:12:05.605000;1.08E+11;success
2024-10-22 21:12:05.605000;1.08E+11;success
2024-10-22 21:12:05.605000;1.08E+11;success
2024-10-22 21:12:05.605000;1.08E+11;success
2024-10-22 21:12:30.857000;1.08E+11;product_bin
2024-10-22 21:12:30.857000;1.08E+11;product_bin
2024-10-22 21:12:30.857000;1.08E+11;product_bin
2024-10-22 21:12:30.857000;1.08E+11;product_bin
2024-10-22 21:12:30.857000;1.08E+11;product_bin
2024-10-22 21:12:30.857000;1.08E+11;product_bin
2024-10-22 21:13:46.803000;1.08E+11;product_bin
2024-10-22 21:13:46.803000;1.08E+11;product_bin
2024-10-22 21:13:46.803000;1.08E+11;product_bin
2024-10-22 21:13:46.803000;1.08E+11;product_bin
2024-10-22 21:13:46.803000;1.08E+11;product_bin
2024-10-22 21:13:46.803000;1.08E+11;product_bin
2024-10-22 21:12:46.598000;1.08E+11;pageview
2024-10-22 21:12:46.598000;1.08E+11;pageview
2024-10-22 21:12:46.598000;1.08E+11;pageview
2024-10-22 21:12:46.598000;1.08E+11;pageview
2024-10-22 21:12:46.598000;1.08E+11;pageview
2024-10-22 21:12:46.598000;1.08E+11;pageview
2024-10-22 21:12:57.821000;1.08E+11;success
2024-10-22 21:12:57.821000;1.08E+11;success
2024-10-22 21:12:57.821000;1.08E+11;success
2024-10-22 21:12:57.821000;1.08E+11;success
2024-10-22 21:12:57.821000;1.08E+11;success
2024-10-22 21:12:57.821000;1.08E+11;success
2024-10-22 21:13:00.689000;1.08E+11;product_bin
2024-10-22 21:13:00.689000;1.08E+11;product_bin
2024-10-22 21:13:00.689000;1.08E+11;product_bin
2024-10-22 21:13:00.689000;1.08E+11;product_bin
2024-10-22 21:13:00.689000;1.08E+11;product_bin
2024-10-22 21:13:00.689000;1.08E+11;product_bin
2024-10-22 21:13:10.613000;1.08E+11;pageview
2024-10-22 21:13:10.613000;1.08E+11;pageview
2024-10-22 21:13:10.613000;1.08E+11;pageview
2024-10-22 21:13:10.613000;1.08E+11;pageview
2024-10-22 21:13:10.613000;1.08E+11;pageview
2024-10-22 21:13:10.613000;1.08E+11;pageview
2024-10-22 21:13:18.787000;1.08E+11;success
2024-10-22 21:13:18.787000;1.08E+11;success
2024-10-22 21:13:18.787000;1.08E+11;success
2024-10-22 21:13:18.787000;1.08E+11;success
2024-10-22 21:13:18.787000;1.08E+11;success
2024-10-22 21:13:18.787000;1.08E+11;success
2024-10-22 21:11:51.207000;1.08E+11;pageview
2024-10-22 21:11:51.207000;1.08E+11;pageview
2024-10-22 21:11:51.207000;1.08E+11;pageview
2024-10-22 21:11:51.207000;1.08E+11;pageview
2024-10-22 21:11:51.207000;1.08E+11;pageview
2024-10-22 21:11:51.207000;1.08E+11;pageview
2024-10-22 21:14:08.410000;1.08E+11;product_bin
2024-10-22 21:14:08.410000;1.08E+11;product_bin
2024-10-22 21:14:08.410000;1.08E+11;product_bin
2024-10-22 21:14:08.410000;1.08E+11;product_bin
2024-10-22 21:14:08.410000;1.08E+11;product_bin
2024-10-22 21:14:08.410000;1.08E+11;product_bin
2024-10-22 21:14:06.420000;1.08E+11;success
2024-10-22 21:14:06.420000;1.08E+11;success
2024-10-22 21:14:06.420000;1.08E+11;success
2024-10-22 21:14:06.420000;1.08E+11;success
2024-10-22 21:14:06.420000;1.08E+11;success
2024-10-22 21:14:06.420000;1.08E+11;success
2024-10-22 21:11:20.763000;1.08E+11;pageview
2024-10-22 21:11:20.763000;1.08E+11;pageview
2024-10-22 21:11:20.763000;1.08E+11;pageview
2024-10-22 21:11:20.763000;1.08E+11;pageview
2024-10-22 21:11:20.763000;1.08E+11;pageview
2024-10-22 21:11:20.763000;1.08E+11;pageview
2024-10-22 21:13:32.667000;1.08E+11;pageview
2024-10-22 21:13:32.667000;1.08E+11;pageview
2024-10-22 21:13:32.667000;1.08E+11;pageview
2024-10-22 21:13:32.667000;1.08E+11;pageview
2024-10-22 21:13:32.667000;1.08E+11;pageview
2024-10-22 21:13:32.667000;1.08E+11;pageview
2024-10-22 21:14:55.289000;1.08E+11;pageview
2024-10-22 21:14:55.289000;1.08E+11;pageview
2024-10-22 21:14:55.289000;1.08E+11;pageview
2024-10-22 21:14:55.289000;1.08E+11;pageview
2024-10-22 21:14:55.289000;1.08E+11;pageview
2024-10-22 21:15:21.461000;1.08E+11;pageview
2024-10-22 21:15:21.461000;1.08E+11;pageview
2024-10-22 21:15:21.461000;1.08E+11;pageview
2024-10-22 21:15:21.461000;1.08E+11;pageview
2024-10-22 21:15:21.461000;1.08E+11;pageview
2024-10-22 21:15:32.583000;1.08E+11;success
2024-10-22 21:15:32.583000;1.08E+11;success
2024-10-22 21:15:32.583000;1.08E+11;success
2024-10-22 21:15:32.583000;1.08E+11;success
2024-10-22 21:15:32.583000;1.08E+11;success
2024-10-22 21:15:08.100000;1.08E+11;success
2024-10-22 21:15:08.100000;1.08E+11;success
2024-10-22 21:15:08.100000;1.08E+11;success
2024-10-22 21:15:08.100000;1.08E+11;success
2024-10-22 21:15:08.100000;1.08E+11;success
2024-10-22 21:15:38.213000;1.08E+11;product_bin
2024-10-22 21:15:38.213000;1.08E+11;product_bin
2024-10-22 21:15:38.213000;1.08E+11;product_bin
2024-10-22 21:15:38.213000;1.08E+11;product_bin
2024-10-22 21:15:38.213000;1.08E+11;product_bin
2024-10-22 21:14:23.626000;1.08E+11;success
2024-10-22 21:14:23.626000;1.08E+11;success
2024-10-22 21:14:23.626000;1.08E+11;success
2024-10-22 21:14:23.626000;1.08E+11;success
2024-10-22 21:14:23.626000;1.08E+11;success
2024-10-22 21:15:47.515000;1.08E+11;pageview
2024-10-22 21:15:47.515000;1.08E+11;pageview
2024-10-22 21:15:47.515000;1.08E+11;pageview
2024-10-22 21:15:47.515000;1.08E+11;pageview
2024-10-22 21:15:47.515000;1.08E+11;pageview
2024-10-22 21:16:13.360000;1.08E+11;pageview
2024-10-22 21:16:13.360000;1.08E+11;pageview
2024-10-22 21:16:13.360000;1.08E+11;pageview
2024-10-22 21:16:13.360000;1.08E+11;pageview
2024-10-22 21:16:13.360000;1.08E+11;pageview
2024-10-22 21:16:30.080000;1.08E+11;product_bin
2024-10-22 21:16:30.080000;1.08E+11;product_bin
2024-10-22 21:16:30.080000;1.08E+11;product_bin
2024-10-22 21:16:30.080000;1.08E+11;product_bin
2024-10-22 21:16:30.080000;1.08E+11;product_bin
2024-10-22 21:15:58.792000;1.08E+11;success
2024-10-22 21:15:58.792000;1.08E+11;success
2024-10-22 21:15:58.792000;1.08E+11;success
2024-10-22 21:15:58.792000;1.08E+11;success
2024-10-22 21:15:58.792000;1.08E+11;success
2024-10-22 21:14:24.976000;1.08E+11;product_bin
2024-10-22 21:14:24.976000;1.08E+11;product_bin
2024-10-22 21:14:24.976000;1.08E+11;product_bin
2024-10-22 21:14:24.976000;1.08E+11;product_bin
2024-10-22 21:14:24.976000;1.08E+11;product_bin
2024-10-22 21:16:35.807000;1.08E+11;product_bin
2024-10-22 21:16:35.807000;1.08E+11;product_bin
2024-10-22 21:16:35.807000;1.08E+11;product_bin
2024-10-22 21:14:10.613000;1.08E+11;pageview
2024-10-22 21:14:10.613000;1.08E+11;pageview
2024-10-22 21:14:10.613000;1.08E+11;pageview
2024-10-22 21:14:10.613000;1.08E+11;pageview
2024-10-22 21:14:10.613000;1.08E+11;pageview
2024-10-22 21:16:25.105000;1.08E+11;success
2024-10-22 21:16:25.105000;1.08E+11;success
2024-10-22 21:16:25.105000;1.08E+11;success
2024-10-22 21:16:25.105000;1.08E+11;success
2024-10-22 21:16:25.105000;1.08E+11;success
2024-10-22 21:14:38.735000;1.08E+11;pageview
2024-10-22 21:14:38.735000;1.08E+11;pageview
2024-10-22 21:14:38.735000;1.08E+11;pageview
2024-10-22 21:14:38.735000;1.08E+11;pageview
2024-10-22 21:14:38.735000;1.08E+11;pageview
2024-10-22 21:16:50.057000;1.08E+11;success
2024-10-22 21:16:38.000000;1.08E+11;pageview
2024-10-22 22:09:58.935000;1.08E+11;product_bin
2024-10-22 22:09:57.291000;1.08E+11;product_bin
2024-10-22 22:09:57.291000;1.08E+11;product_bin
2024-10-22 22:09:57.291000;1.08E+11;product_bin
2024-10-22 22:09:57.291000;1.08E+11;product_bin
2024-10-22 22:09:57.291000;1.08E+11;product_bin
2024-10-22 22:09:57.291000;1.08E+11;product_bin
2024-10-22 22:10:16.412000;1.08E+11;success
2024-10-22 22:10:16.412000;1.08E+11;success
2024-10-22 22:10:16.412000;1.08E+11;success
2024-10-22 22:10:16.412000;1.08E+11;success
2024-10-22 22:10:16.412000;1.08E+11;success
2024-10-22 22:10:16.412000;1.08E+11;success
2024-10-22 22:09:55.638000;1.08E+11;success
2024-10-22 22:09:55.638000;1.08E+11;success
2024-10-22 22:09:55.638000;1.08E+11;success
2024-10-22 22:09:55.638000;1.08E+11;success
2024-10-22 22:09:55.638000;1.08E+11;success
2024-10-22 22:09:55.638000;1.08E+11;success
2024-10-22 22:10:08.047000;1.08E+11;pageview
2024-10-22 22:10:08.047000;1.08E+11;pageview
2024-10-22 22:10:08.047000;1.08E+11;pageview
2024-10-22 22:10:08.047000;1.08E+11;pageview
2024-10-22 22:10:08.047000;1.08E+11;pageview
2024-10-22 22:10:08.047000;1.08E+11;pageview
2024-10-22 22:09:22.829000;1.08E+11;pageview
2024-10-22 22:09:22.829000;1.08E+11;pageview
2024-10-22 22:09:22.829000;1.08E+11;pageview
2024-10-22 22:09:22.829000;1.08E+11;pageview
2024-10-22 22:09:22.829000;1.08E+11;pageview
2024-10-22 22:09:22.829000;1.08E+11;pageview
2024-10-22 22:09:09.413000;1.08E+11;product_bin
2024-10-22 22:09:09.413000;1.08E+11;product_bin
2024-10-22 22:09:09.413000;1.08E+11;product_bin
2024-10-22 22:09:09.413000;1.08E+11;product_bin
2024-10-22 22:09:09.413000;1.08E+11;product_bin
2024-10-22 22:09:09.413000;1.08E+11;product_bin
2024-10-22 22:09:04.498000;1.08E+11;product_bin
2024-10-22 22:09:04.498000;1.08E+11;product_bin
2024-10-22 22:09:04.498000;1.08E+11;product_bin
2024-10-22 22:09:04.498000;1.08E+11;product_bin
2024-10-22 22:09:04.498000;1.08E+11;product_bin
2024-10-22 22:09:04.498000;1.08E+11;product_bin
2024-10-22 22:10:54.806000;1.08E+11;success
2024-10-22 22:10:54.806000;1.08E+11;success
2024-10-22 22:10:54.806000;1.08E+11;success
2024-10-22 22:10:54.806000;1.08E+11;success
2024-10-22 22:10:54.806000;1.08E+11;success
2024-10-22 22:13:03.224000;1.08E+11;product_bin
2024-10-22 22:13:03.224000;1.08E+11;product_bin
2024-10-22 22:13:03.224000;1.08E+11;product_bin
2024-10-22 22:13:03.224000;1.08E+11;product_bin
2024-10-22 22:13:03.224000;1.08E+11;product_bin
2024-10-22 22:12:56.881000;1.08E+11;product_bin
2024-10-22 22:12:56.881000;1.08E+11;product_bin
2024-10-22 22:12:56.881000;1.08E+11;product_bin
2024-10-22 22:12:56.881000;1.08E+11;product_bin
2024-10-22 22:12:56.881000;1.08E+11;product_bin
2024-10-22 22:12:54.972000;1.08E+11;product_bin
2024-10-22 22:12:54.972000;1.08E+11;product_bin
2024-10-22 22:12:54.972000;1.08E+11;product_bin
2024-10-22 22:12:54.972000;1.08E+11;product_bin
2024-10-22 22:12:54.972000;1.08E+11;product_bin
2024-10-22 22:12:51.705000;1.08E+11;success
2024-10-22 22:12:51.705000;1.08E+11;success
2024-10-22 22:12:51.705000;1.08E+11;success
2024-10-22 22:12:51.705000;1.08E+11;success
2024-10-22 22:12:51.705000;1.08E+11;success
2024-10-22 22:12:28.292000;1.08E+11;success
2024-10-22 22:13:01.755000;1.08E+11;product_bin
2024-10-22 22:13:01.755000;1.08E+11;product_bin
2024-10-22 22:13:01.755000;1.08E+11;product_bin
2024-10-22 22:13:01.755000;1.08E+11;product_bin
2024-10-22 22:13:01.755000;1.08E+11;product_bin
2024-10-22 22:12:17.535000;1.08E+11;pageview
2024-10-22 22:12:17.535000;1.08E+11;pageview
2024-10-22 22:12:17.535000;1.08E+11;pageview
2024-10-22 22:12:17.535000;1.08E+11;pageview
2024-10-22 22:12:17.535000;1.08E+11;pageview
2024-10-22 22:12:08.482000;1.08E+11;product_bin
2024-10-22 22:12:08.482000;1.08E+11;product_bin
2024-10-22 22:12:08.482000;1.08E+11;product_bin
2024-10-22 22:12:08.482000;1.08E+11;product_bin
2024-10-22 22:12:08.482000;1.08E+11;product_bin
2024-10-22 22:11:07.617000;1.08E+11;pageview
2024-10-22 22:11:07.617000;1.08E+11;pageview
2024-10-22 22:11:07.617000;1.08E+11;pageview
2024-10-22 22:11:07.617000;1.08E+11;pageview
2024-10-22 22:11:07.617000;1.08E+11;pageview
2024-10-22 22:10:56.725000;1.08E+11;product_bin
2024-10-22 22:10:56.725000;1.08E+11;product_bin
2024-10-22 22:10:56.725000;1.08E+11;product_bin
2024-10-22 22:10:56.725000;1.08E+11;product_bin
2024-10-22 22:10:56.725000;1.08E+11;product_bin
2024-10-22 22:13:26.525000;1.08E+11;product_bin
2024-10-22 22:13:05.355000;1.08E+11;pageview
2024-10-22 22:22:37.097000;1.08E+11;pageview
2024-10-22 22:22:37.097000;1.08E+11;pageview
2024-10-22 22:22:37.097000;1.08E+11;pageview
2024-10-22 22:22:37.097000;1.08E+11;pageview
2024-10-22 22:22:37.097000;1.08E+11;pageview
2024-10-22 22:23:46.425000;1.08E+11;pageview
2024-10-22 22:23:46.425000;1.08E+11;pageview
2024-10-22 22:23:46.425000;1.08E+11;pageview
2024-10-22 22:23:46.425000;1.08E+11;pageview
2024-10-22 22:23:46.425000;1.08E+11;pageview
2024-10-22 22:21:38.301000;1.08E+11;pageview
2024-10-22 22:21:38.301000;1.08E+11;pageview
2024-10-22 22:21:38.301000;1.08E+11;pageview
2024-10-22 22:21:38.301000;1.08E+11;pageview
2024-10-22 22:21:38.301000;1.08E+11;pageview
2024-10-22 22:21:07.372000;1.08E+11;success
2024-10-22 22:21:07.372000;1.08E+11;success
2024-10-22 22:24:41.968000;1.08E+11;pageview
2024-10-22 22:24:41.968000;1.08E+11;pageview
2024-10-22 22:24:41.968000;1.08E+11;pageview
2024-10-22 22:24:41.968000;1.08E+11;pageview
2024-10-22 22:24:41.968000;1.08E+11;pageview
2024-10-22 22:25:19.033000;1.08E+11;success
2024-10-22 22:25:19.033000;1.08E+11;success
2024-10-22 22:25:19.033000;1.08E+11;success
2024-10-22 22:25:19.033000;1.08E+11;success
2024-10-22 22:25:19.033000;1.08E+11;success
2024-10-22 22:25:32.860000;1.08E+11;pageview
2024-10-22 22:25:32.860000;1.08E+11;pageview
2024-10-22 22:25:32.860000;1.08E+11;pageview
2024-10-22 22:25:32.860000;1.08E+11;pageview
2024-10-22 22:25:32.860000;1.08E+11;pageview
2024-10-22 22:25:53.396000;1.08E+11;pageview
2024-10-22 22:25:53.396000;1.08E+11;pageview
2024-10-22 22:25:53.396000;1.08E+11;pageview
2024-10-22 22:25:53.396000;1.08E+11;pageview
2024-10-22 22:25:53.396000;1.08E+11;pageview
2024-10-22 22:25:42.960000;1.08E+11;success
2024-10-22 22:25:42.960000;1.08E+11;success
2024-10-22 22:25:42.960000;1.08E+11;success
2024-10-22 22:25:42.960000;1.08E+11;success
2024-10-22 22:25:42.960000;1.08E+11;success
2024-10-22 22:24:00.569000;1.08E+11;pageview
2024-10-22 22:24:00.569000;1.08E+11;pageview
2024-10-22 22:24:00.569000;1.08E+11;pageview
2024-10-22 22:24:00.569000;1.08E+11;pageview
2024-10-22 22:24:00.569000;1.08E+11;pageview
2024-10-22 22:36:39.380000;1.08E+11;success
2024-10-22 22:36:39.380000;1.08E+11;success
2024-10-22 22:36:39.380000;1.08E+11;success
2024-10-22 22:36:39.380000;1.08E+11;success
2024-10-22 22:36:39.380000;1.08E+11;success
2024-10-22 22:36:39.380000;1.08E+11;success
2024-10-22 22:34:45.494000;1.08E+11;product_bin
2024-10-22 22:34:45.494000;1.08E+11;product_bin
2024-10-22 22:34:45.494000;1.08E+11;product_bin
2024-10-22 22:34:45.494000;1.08E+11;product_bin
2024-10-22 22:34:45.494000;1.08E+11;product_bin
2024-10-22 22:34:43.777000;1.08E+11;success
2024-10-22 22:34:43.777000;1.08E+11;success
2024-10-22 22:34:43.777000;1.08E+11;success
2024-10-22 22:34:43.777000;1.08E+11;success
2024-10-22 22:34:43.777000;1.08E+11;success
2024-10-22 22:34:43.777000;1.08E+11;success
2024-10-22 22:35:55.832000;1.08E+11;success
2024-10-22 22:35:55.832000;1.08E+11;success
2024-10-22 22:35:55.832000;1.08E+11;success
2024-10-22 22:37:11.547000;1.08E+11;success
2024-10-22 22:37:11.547000;1.08E+11;success
2024-10-22 22:37:11.547000;1.08E+11;success
2024-10-22 22:37:11.547000;1.08E+11;success
2024-10-22 22:37:11.547000;1.08E+11;success
2024-10-22 22:37:28.722000;1.08E+11;success
2024-10-22 22:37:28.722000;1.08E+11;success
2024-10-22 22:37:28.722000;1.08E+11;success
2024-10-22 22:37:28.722000;1.08E+11;success
2024-10-22 22:37:28.722000;1.08E+11;success
2024-10-22 22:37:15.523000;1.08E+11;pageview
2024-10-22 22:37:15.523000;1.08E+11;pageview
2024-10-22 22:37:15.523000;1.08E+11;pageview
2024-10-22 22:37:15.523000;1.08E+11;pageview
2024-10-22 22:37:15.523000;1.08E+11;pageview
2024-10-22 19:07:14.643000;1.02E+11;pageview
2024-10-22 04:14:14.264000;1.05E+11;pageview
2024-10-22 06:29:47.955000;1.06E+11;pageview
2024-10-22 06:29:55.892000;1.06E+11;pageview
2024-10-22 06:35:02.586000;1.06E+11;pageview
2024-10-22 10:06:18.165000;1.08E+11;pageview
2024-10-22 13:17:37.469000;1.08E+11;pageview
2024-10-22 13:16:47.119000;1.08E+11;pageview
2024-10-22 03:31:25.473000;1.08E+11;pageview
2024-10-22 06:52:17.726000;1.08E+11;pageview
2024-10-22 23:55:00.610000;1.08E+11;product_bin
2024-10-22 23:55:00.610000;1.08E+11;product_bin
2024-10-22 23:49:29.165000;1.08E+11;pageview
2024-10-22 23:49:29.165000;1.08E+11;pageview
2024-10-22 04:07:49.381000;1.08E+11;pageview
2024-10-22 01:55:02.303000;1.08E+11;product_bin
2024-10-22 01:51:43.104000;1.08E+11;product_bin
2024-10-22 01:46:55.984000;1.08E+11;product_bin
2024-10-22 01:08:26.182000;1.08E+11;product_bin
2024-10-22 01:55:11.514000;1.08E+11;product_bin
2024-10-22 01:46:58.284000;1.08E+11;product_bin
2024-10-22 01:07:01.744000;1.08E+11;pageview
2024-10-22 03:24:39.418000;1.08E+11;pageview
2024-10-22 03:25:48.675000;1.08E+11;product_bin
2024-10-22 03:24:35.994000;1.08E+11;pageview
2024-10-22 03:26:08.382000;1.08E+11;pageview
2024-10-22 03:24:15.369000;1.08E+11;pageview
2024-10-22 03:24:46.352000;1.08E+11;pageview
2024-10-22 03:55:33.334000;1.08E+11;product_bin
2024-10-22 04:01:09.554000;1.08E+11;product_bin
2024-10-22 04:00:51.654000;1.08E+11;product_bin
2024-10-22 13:04:27.344000;1.08E+11;pageview
2024-10-22 12:06:03.853000;1.08E+11;product_bin
2024-10-22 04:12:35.011000;1.08E+11;pageview
2024-10-22 11:47:42.101000;1.08E+11;product_bin
2024-10-22 12:34:13.744000;1.08E+11;product_bin
2024-10-22 11:37:44.127000;1.08E+11;product_bin
2024-10-22 12:05:53.625000;1.08E+11;product_bin
2024-10-22 14:39:51.466000;1.08E+11;product_bin
2024-10-22 12:06:10.819000;1.08E+11;product_bin
2024-10-22 12:01:03.142000;1.08E+11;product_bin
2024-10-22 12:00:57.306000;1.08E+11;product_bin
2024-10-22 12:33:32.170000;1.08E+11;product_bin
2024-10-22 14:44:19.386000;1.08E+11;product_bin
2024-10-22 12:35:16.939000;1.08E+11;product_bin
2024-10-22 12:34:22.716000;1.08E+11;product_bin
2024-10-22 12:01:28.708000;1.08E+11;product_bin
2024-10-22 11:34:58.890000;1.08E+11;product_bin
2024-10-22 11:34:10.543000;1.08E+11;pageview
2024-10-22 04:20:49.437000;1.08E+11;pageview
2024-10-22 12:27:20.471000;1.08E+11;product_bin
2024-10-22 07:08:50.414000;1.08E+11;product_bin
2024-10-22 08:48:46.187000;1.08E+11;pageview
2024-10-22 08:48:38.451000;1.08E+11;pageview
2024-10-22 08:48:35.902000;1.08E+11;pageview
2024-10-22 08:50:41.231000;1.08E+11;pageview
2024-10-22 07:09:29.453000;1.08E+11;product_bin
2024-10-22 07:08:34.937000;1.08E+11;product_bin
2024-10-22 08:51:11.228000;1.08E+11;product_bin
2024-10-22 07:02:04.599000;1.08E+11;pageview
2024-10-22 07:15:21.507000;1.08E+11;product_bin
2024-10-22 07:08:04.736000;1.08E+11;product_bin
2024-10-22 07:07:02.108000;1.08E+11;product_bin
2024-10-22 07:17:24.515000;1.08E+11;pageview
2024-10-22 07:31:00.272000;1.08E+11;pageview
2024-10-22 12:59:47.115000;1.08E+11;product_bin
2024-10-22 13:02:10.950000;1.08E+11;pageview
2024-10-22 13:02:07.730000;1.08E+11;pageview
2024-10-22 12:24:44.879000;1.08E+11;product_bin
2024-10-22 07:52:11.817000;1.08E+11;pageview
2024-10-22 13:02:15.100000;1.08E+11;pageview
2024-10-22 07:54:32.524000;1.08E+11;pageview
2024-10-22 13:06:07.511000;1.08E+11;pageview
2024-10-22 07:30:02.414000;1.08E+11;pageview
2024-10-22 12:54:31.368000;1.08E+11;product_bin
2024-10-22 12:54:54.485000;1.08E+11;product_bin
2024-10-22 13:02:24.048000;1.08E+11;pageview
2024-10-22 12:35:53.628000;1.08E+11;product_bin
2024-10-22 12:53:34.255000;1.08E+11;product_bin
2024-10-22 08:16:12.577000;1.08E+11;pageview
2024-10-22 08:06:19.773000;1.08E+11;product_bin
2024-10-22 10:57:44.038000;1.08E+11;pageview
2024-10-22 13:18:35.077000;1.08E+11;pageview
2024-10-22 13:59:38.400000;1.08E+11;pageview
2024-10-22 11:00:18.638000;1.08E+11;pageview
2024-10-22 11:13:42.009000;1.08E+11;pageview
2024-10-22 11:05:14.957000;1.08E+11;pageview
2024-10-22 08:07:50.997000;1.08E+11;product_bin
2024-10-22 09:50:10.626000;1.08E+11;pageview
2024-10-22 13:33:31.038000;1.08E+11;pageview
2024-10-22 14:15:17.408000;1.08E+11;pageview
2024-10-22 14:15:26.961000;1.08E+11;pageview
2024-10-22 14:42:35.030000;1.08E+11;pageview
2024-10-22 08:44:48.984000;1.08E+11;pageview
2024-10-22 13:59:00.226000;1.08E+11;pageview
2024-10-22 14:57:50.529000;1.08E+11;pageview
2024-10-22 11:39:37.511000;1.08E+11;pageview
2024-10-22 08:05:31.438000;1.08E+11;pageview
2024-10-22 15:00:48.685000;1.08E+11;pageview
2024-10-22 12:56:08.350000;1.08E+11;pageview
2024-10-22 14:49:35.756000;1.08E+11;pageview
2024-10-22 12:05:59.346000;1.08E+11;pageview
2024-10-22 08:25:54.303000;1.08E+11;pageview
2024-10-22 08:23:08.505000;1.08E+11;pageview
2024-10-22 11:08:16.876000;1.08E+11;pageview
2024-10-22 08:33:14.394000;1.08E+11;pageview
2024-10-22 08:11:17.312000;1.08E+11;product_bin
2024-10-22 08:11:17.312000;1.08E+11;product_bin
2024-10-22 08:11:17.312000;1.08E+11;product_bin
2024-10-22 08:11:17.312000;1.08E+11;product_bin
2024-10-22 08:11:17.312000;1.08E+11;product_bin
2024-10-22 08:11:17.312000;1.08E+11;product_bin
2024-10-22 08:10:49.359000;1.08E+11;pageview
2024-10-22 08:10:49.359000;1.08E+11;pageview
2024-10-22 08:10:49.359000;1.08E+11;pageview
2024-10-22 08:10:49.359000;1.08E+11;pageview
2024-10-22 08:10:49.359000;1.08E+11;pageview
2024-10-22 08:10:49.359000;1.08E+11;pageview
2024-10-22 08:10:31.255000;1.08E+11;pageview
2024-10-22 08:10:31.255000;1.08E+11;pageview
2024-10-22 08:10:31.255000;1.08E+11;pageview
2024-10-22 08:10:31.255000;1.08E+11;pageview
2024-10-22 08:10:31.255000;1.08E+11;pageview
2024-10-22 08:10:31.255000;1.08E+11;pageview
2024-10-22 08:11:44.808000;1.08E+11;pageview
2024-10-22 08:11:44.808000;1.08E+11;pageview
2024-10-22 08:11:44.808000;1.08E+11;pageview
2024-10-22 08:11:44.808000;1.08E+11;pageview
2024-10-22 08:11:44.808000;1.08E+11;pageview
2024-10-22 08:11:44.808000;1.08E+11;pageview
2024-10-22 08:13:27.491000;1.08E+11;pageview
2024-10-22 08:13:27.491000;1.08E+11;pageview
2024-10-22 08:13:27.491000;1.08E+11;pageview
2024-10-22 08:13:27.491000;1.08E+11;pageview
2024-10-22 08:13:27.491000;1.08E+11;pageview
2024-10-22 08:13:27.491000;1.08E+11;pageview
2024-10-22 08:12:31.519000;1.08E+11;pageview
2024-10-22 08:12:31.519000;1.08E+11;pageview
2024-10-22 08:12:31.519000;1.08E+11;pageview
2024-10-22 08:12:31.519000;1.08E+11;pageview
2024-10-22 08:12:31.519000;1.08E+11;pageview
2024-10-22 08:12:31.519000;1.08E+11;pageview
2024-10-22 08:14:08.797000;1.08E+11;pageview
2024-10-22 08:14:08.797000;1.08E+11;pageview
2024-10-22 08:14:08.797000;1.08E+11;pageview
2024-10-22 08:14:08.797000;1.08E+11;pageview
2024-10-22 08:14:08.797000;1.08E+11;pageview
2024-10-22 08:14:08.797000;1.08E+11;pageview
2024-10-22 08:14:29.813000;1.08E+11;pageview
2024-10-22 08:14:29.813000;1.08E+11;pageview
2024-10-22 08:14:29.813000;1.08E+11;pageview
2024-10-22 08:14:29.813000;1.08E+11;pageview
2024-10-22 08:14:29.813000;1.08E+11;pageview
2024-10-22 08:14:29.813000;1.08E+11;pageview
2024-10-22 08:14:51.901000;1.08E+11;pageview
2024-10-22 08:15:13.640000;1.08E+11;product_bin
2024-10-22 08:15:15.523000;1.08E+11;product_bin
2024-10-22 08:39:12.617000;1.08E+11;success
2024-10-22 08:37:22.901000;1.08E+11;product_bin
2024-10-22 08:34:09.178000;1.08E+11;pageview
2024-10-22 08:36:49.361000;1.08E+11;product_bin
2024-10-22 08:33:47.478000;1.08E+11;pageview
2024-10-22 08:39:12.414000;1.08E+11;product_bin
2024-10-22 10:52:13.961000;1.08E+11;pageview
2024-10-22 10:55:20.604000;1.08E+11;product_bin
2024-10-22 12:31:05.934000;1.08E+11;pageview
2024-10-22 12:10:26.111000;1.08E+11;product_bin
2024-10-22 12:08:19.697000;1.08E+11;pageview
2024-10-22 12:12:13.725000;1.08E+11;product_bin
2024-10-22 12:13:16.059000;1.08E+11;pageview
2024-10-22 12:15:45.271000;1.08E+11;product_bin
2024-10-22 12:17:13.301000;1.08E+11;product_bin
2024-10-22 12:16:03.393000;1.08E+11;product_bin
2024-10-22 12:14:44.475000;1.08E+11;pageview
2024-10-22 12:15:48.445000;1.08E+11;product_bin
2024-10-22 12:16:23.084000;1.08E+11;product_bin
2024-10-22 12:16:43.157000;1.08E+11;pageview
2024-10-22 12:16:34.939000;1.08E+11;success
2024-10-22 12:44:03.483000;1.08E+11;pageview
2024-10-22 12:44:03.483000;1.08E+11;pageview
2024-10-22 12:44:03.483000;1.08E+11;pageview
2024-10-22 12:44:03.483000;1.08E+11;pageview
2024-10-22 12:44:03.483000;1.08E+11;pageview
2024-10-22 12:44:03.483000;1.08E+11;pageview
2024-10-22 12:42:53.127000;1.08E+11;pageview
2024-10-22 12:42:53.127000;1.08E+11;pageview
2024-10-22 12:42:53.127000;1.08E+11;pageview
2024-10-22 12:42:53.127000;1.08E+11;pageview
2024-10-22 12:42:53.127000;1.08E+11;pageview
2024-10-22 12:42:53.127000;1.08E+11;pageview
2024-10-22 12:43:17.683000;1.08E+11;pageview
2024-10-22 12:43:17.683000;1.08E+11;pageview
2024-10-22 12:43:17.683000;1.08E+11;pageview
2024-10-22 12:43:17.683000;1.08E+11;pageview
2024-10-22 12:43:17.683000;1.08E+11;pageview
2024-10-22 12:43:17.683000;1.08E+11;pageview
2024-10-22 12:42:07.838000;1.08E+11;pageview
2024-10-22 12:42:07.838000;1.08E+11;pageview
2024-10-22 12:42:07.838000;1.08E+11;pageview
2024-10-22 12:42:07.838000;1.08E+11;pageview
2024-10-22 12:42:07.838000;1.08E+11;pageview
2024-10-22 12:42:07.838000;1.08E+11;pageview
2024-10-22 12:43:40.726000;1.08E+11;pageview
2024-10-22 12:43:40.726000;1.08E+11;pageview
2024-10-22 12:43:40.726000;1.08E+11;pageview
2024-10-22 12:43:40.726000;1.08E+11;pageview
2024-10-22 12:43:40.726000;1.08E+11;pageview
2024-10-22 12:43:40.726000;1.08E+11;pageview
2024-10-22 12:45:52.639000;1.08E+11;pageview
2024-10-22 12:45:52.639000;1.08E+11;pageview
2024-10-22 12:45:52.639000;1.08E+11;pageview
2024-10-22 12:45:52.639000;1.08E+11;pageview
2024-10-22 12:45:52.639000;1.08E+11;pageview
2024-10-22 12:44:17.446000;1.08E+11;pageview
2024-10-22 12:44:17.446000;1.08E+11;pageview
2024-10-22 12:44:17.446000;1.08E+11;pageview
2024-10-22 12:44:17.446000;1.08E+11;pageview
2024-10-22 12:44:17.446000;1.08E+11;pageview
2024-10-22 12:44:30.199000;1.08E+11;success
2024-10-22 12:44:30.199000;1.08E+11;success
2024-10-22 12:44:59.117000;1.08E+11;pageview
2024-10-22 12:44:59.117000;1.08E+11;pageview
2024-10-22 12:44:59.117000;1.08E+11;pageview
2024-10-22 12:44:59.117000;1.08E+11;pageview
2024-10-22 12:44:59.117000;1.08E+11;pageview
2024-10-22 12:45:37.681000;1.08E+11;success
2024-10-22 12:45:37.681000;1.08E+11;success
2024-10-22 12:45:37.681000;1.08E+11;success
2024-10-22 12:45:37.681000;1.08E+11;success
2024-10-22 12:45:37.681000;1.08E+11;success
2024-10-22 12:44:44.547000;1.08E+11;pageview
2024-10-22 12:44:44.547000;1.08E+11;pageview
2024-10-22 12:44:44.547000;1.08E+11;pageview
2024-10-22 12:44:44.547000;1.08E+11;pageview
2024-10-22 12:44:44.547000;1.08E+11;pageview
2024-10-22 12:46:03.209000;1.08E+11;success
2024-10-22 12:46:03.209000;1.08E+11;success
2024-10-22 12:46:03.209000;1.08E+11;success
2024-10-22 12:46:03.209000;1.08E+11;success
2024-10-22 12:46:03.209000;1.08E+11;success
2024-10-22 12:46:41.407000;1.08E+11;success
2024-10-22 12:46:41.407000;1.08E+11;success
2024-10-22 12:46:41.407000;1.08E+11;success
2024-10-22 12:46:41.407000;1.08E+11;success
2024-10-22 14:56:19.534000;1.08E+11;product_bin
2024-10-22 14:56:19.534000;1.08E+11;product_bin
2024-10-22 14:56:19.534000;1.08E+11;product_bin
2024-10-22 14:56:19.534000;1.08E+11;product_bin
2024-10-22 14:56:19.534000;1.08E+11;product_bin
2024-10-22 14:56:19.534000;1.08E+11;product_bin
2024-10-22 14:55:33.050000;1.08E+11;product_bin
2024-10-22 14:55:33.050000;1.08E+11;product_bin
2024-10-22 14:55:33.050000;1.08E+11;product_bin
2024-10-22 14:55:33.050000;1.08E+11;product_bin
2024-10-22 14:55:33.050000;1.08E+11;product_bin
2024-10-22 14:55:33.050000;1.08E+11;product_bin
2024-10-22 14:55:46.934000;1.08E+11;product_bin
2024-10-22 14:55:46.934000;1.08E+11;product_bin
2024-10-22 14:55:46.934000;1.08E+11;product_bin
2024-10-22 14:55:46.934000;1.08E+11;product_bin
2024-10-22 14:55:46.934000;1.08E+11;product_bin
2024-10-22 14:55:46.934000;1.08E+11;product_bin
2024-10-22 14:57:28.505000;1.08E+11;pageview
2024-10-22 14:57:28.505000;1.08E+11;pageview
2024-10-22 14:57:28.505000;1.08E+11;pageview
2024-10-22 14:57:28.505000;1.08E+11;pageview
2024-10-22 14:57:28.505000;1.08E+11;pageview
2024-10-22 14:57:28.505000;1.08E+11;pageview
2024-10-22 14:56:05.275000;1.08E+11;pageview
2024-10-22 14:56:05.275000;1.08E+11;pageview
2024-10-22 14:56:05.275000;1.08E+11;pageview
2024-10-22 14:56:05.275000;1.08E+11;pageview
2024-10-22 14:56:05.275000;1.08E+11;pageview
2024-10-22 14:56:05.275000;1.08E+11;pageview
2024-10-22 14:57:13.533000;1.08E+11;product_bin
2024-10-22 14:57:13.533000;1.08E+11;product_bin
2024-10-22 14:57:13.533000;1.08E+11;product_bin
2024-10-22 14:57:13.533000;1.08E+11;product_bin
2024-10-22 14:57:13.533000;1.08E+11;product_bin
2024-10-22 14:57:13.533000;1.08E+11;product_bin
2024-10-22 14:56:30.701000;1.08E+11;pageview
2024-10-22 14:56:30.701000;1.08E+11;pageview
2024-10-22 14:56:30.701000;1.08E+11;pageview
2024-10-22 14:56:30.701000;1.08E+11;pageview
2024-10-22 14:56:30.701000;1.08E+11;pageview
2024-10-22 14:56:30.701000;1.08E+11;pageview
2024-10-22 14:54:42.685000;1.08E+11;pageview
2024-10-22 14:54:42.685000;1.08E+11;pageview
2024-10-22 14:54:42.685000;1.08E+11;pageview
2024-10-22 14:54:42.685000;1.08E+11;pageview
2024-10-22 14:54:42.685000;1.08E+11;pageview
2024-10-22 14:54:42.685000;1.08E+11;pageview
2024-10-22 14:55:38.787000;1.08E+11;product_bin
2024-10-22 14:55:38.787000;1.08E+11;product_bin
2024-10-22 14:55:38.787000;1.08E+11;product_bin
2024-10-22 14:55:38.787000;1.08E+11;product_bin
2024-10-22 14:55:38.787000;1.08E+11;product_bin
2024-10-22 14:55:38.787000;1.08E+11;product_bin
2024-10-22 14:57:15.658000;1.08E+11;product_bin
2024-10-22 14:57:15.658000;1.08E+11;product_bin
2024-10-22 14:57:15.658000;1.08E+11;product_bin
2024-10-22 14:57:15.658000;1.08E+11;product_bin
2024-10-22 14:57:15.658000;1.08E+11;product_bin
2024-10-22 14:57:15.658000;1.08E+11;product_bin
2024-10-22 14:57:43.274000;1.08E+11;pageview
2024-10-22 14:57:43.274000;1.08E+11;pageview
2024-10-22 14:57:43.274000;1.08E+11;pageview
2024-10-22 14:57:43.274000;1.08E+11;pageview
2024-10-22 14:57:43.274000;1.08E+11;pageview
2024-10-22 14:59:26.333000;1.08E+11;product_bin
2024-10-22 14:59:26.333000;1.08E+11;product_bin
2024-10-22 14:59:26.333000;1.08E+11;product_bin
2024-10-22 14:59:26.333000;1.08E+11;product_bin
2024-10-22 14:59:26.333000;1.08E+11;product_bin
2024-10-22 14:59:10.812000;1.08E+11;pageview
2024-10-22 14:59:10.812000;1.08E+11;pageview
2024-10-22 14:59:10.812000;1.08E+11;pageview
2024-10-22 14:59:10.812000;1.08E+11;pageview
2024-10-22 14:59:10.812000;1.08E+11;pageview
2024-10-22 14:57:59.564000;1.08E+11;product_bin
2024-10-22 14:57:59.564000;1.08E+11;product_bin
2024-10-22 14:57:59.564000;1.08E+11;product_bin
2024-10-22 14:57:59.564000;1.08E+11;product_bin
2024-10-22 14:57:59.564000;1.08E+11;product_bin
2024-10-22 15:00:23.717000;1.08E+11;product_bin
2024-10-22 15:00:23.717000;1.08E+11;product_bin
2024-10-22 15:00:23.717000;1.08E+11;product_bin
2024-10-22 15:00:23.717000;1.08E+11;product_bin
2024-10-22 15:00:23.717000;1.08E+11;product_bin
2024-10-22 14:58:53.810000;1.08E+11;product_bin
2024-10-22 14:58:53.810000;1.08E+11;product_bin
2024-10-22 14:58:53.810000;1.08E+11;product_bin
2024-10-22 14:58:53.810000;1.08E+11;product_bin
2024-10-22 14:58:53.810000;1.08E+11;product_bin
2024-10-22 14:59:27.823000;1.08E+11;product_bin
2024-10-22 14:59:27.823000;1.08E+11;product_bin
2024-10-22 14:59:27.823000;1.08E+11;product_bin
2024-10-22 14:59:27.823000;1.08E+11;product_bin
2024-10-22 14:59:27.823000;1.08E+11;product_bin
2024-10-22 15:00:21.489000;1.08E+11;product_bin
2024-10-22 15:00:21.489000;1.08E+11;product_bin
2024-10-22 15:00:21.489000;1.08E+11;product_bin
2024-10-22 15:00:21.489000;1.08E+11;product_bin
2024-10-22 15:00:21.489000;1.08E+11;product_bin
2024-10-22 15:00:45.042000;1.08E+11;product_bin
2024-10-22 15:00:49.215000;1.08E+11;product_bin
2024-10-22 15:00:50.984000;1.08E+11;product_bin
2024-10-22 15:00:26.055000;1.08E+11;pageview
2024-10-22 15:35:40.220000;1.08E+11;product_bin
2024-10-22 15:35:40.220000;1.08E+11;product_bin
2024-10-22 15:35:40.220000;1.08E+11;product_bin
2024-10-22 15:35:40.220000;1.08E+11;product_bin
2024-10-22 15:35:40.220000;1.08E+11;product_bin
2024-10-22 15:35:40.220000;1.08E+11;product_bin
2024-10-22 15:37:07.139000;1.08E+11;product_bin
2024-10-22 15:37:07.139000;1.08E+11;product_bin
2024-10-22 15:37:07.139000;1.08E+11;product_bin
2024-10-22 15:37:07.139000;1.08E+11;product_bin
2024-10-22 15:37:07.139000;1.08E+11;product_bin
2024-10-22 15:37:07.139000;1.08E+11;product_bin
2024-10-22 15:37:14.670000;1.08E+11;pageview
2024-10-22 15:37:14.670000;1.08E+11;pageview
2024-10-22 15:37:14.670000;1.08E+11;pageview
2024-10-22 15:37:14.670000;1.08E+11;pageview
2024-10-22 15:37:14.670000;1.08E+11;pageview
2024-10-22 15:37:14.670000;1.08E+11;pageview
2024-10-22 15:35:48.899000;1.08E+11;product_bin
2024-10-22 15:35:48.899000;1.08E+11;product_bin
2024-10-22 15:35:48.899000;1.08E+11;product_bin
2024-10-22 15:35:48.899000;1.08E+11;product_bin
2024-10-22 15:35:48.899000;1.08E+11;product_bin
2024-10-22 15:35:48.899000;1.08E+11;product_bin
2024-10-22 15:37:05.995000;1.08E+11;product_bin
2024-10-22 15:37:05.995000;1.08E+11;product_bin
2024-10-22 15:37:05.995000;1.08E+11;product_bin
2024-10-22 15:37:05.995000;1.08E+11;product_bin
2024-10-22 15:37:05.995000;1.08E+11;product_bin
2024-10-22 15:37:05.995000;1.08E+11;product_bin
2024-10-22 15:35:36.863000;1.08E+11;product_bin
2024-10-22 15:35:36.863000;1.08E+11;product_bin
2024-10-22 15:35:36.863000;1.08E+11;product_bin
2024-10-22 15:35:36.863000;1.08E+11;product_bin
2024-10-22 15:35:36.863000;1.08E+11;product_bin
2024-10-22 15:35:36.863000;1.08E+11;product_bin
2024-10-22 15:35:41.747000;1.08E+11;product_bin
2024-10-22 15:35:41.747000;1.08E+11;product_bin
2024-10-22 15:35:41.747000;1.08E+11;product_bin
2024-10-22 15:35:41.747000;1.08E+11;product_bin
2024-10-22 15:35:41.747000;1.08E+11;product_bin
2024-10-22 15:35:41.747000;1.08E+11;product_bin
2024-10-22 15:35:38.305000;1.08E+11;product_bin
2024-10-22 15:35:38.305000;1.08E+11;product_bin
2024-10-22 15:35:38.305000;1.08E+11;product_bin
2024-10-22 15:35:38.305000;1.08E+11;product_bin
2024-10-22 15:35:38.305000;1.08E+11;product_bin
2024-10-22 15:35:38.305000;1.08E+11;product_bin
2024-10-22 15:38:49.765000;1.08E+11;product_bin
2024-10-22 15:38:49.765000;1.08E+11;product_bin
2024-10-22 15:38:49.765000;1.08E+11;product_bin
2024-10-22 15:38:49.765000;1.08E+11;product_bin
2024-10-22 15:38:49.765000;1.08E+11;product_bin
2024-10-22 15:39:14.866000;1.08E+11;product_bin
2024-10-22 15:39:14.866000;1.08E+11;product_bin
2024-10-22 15:39:14.866000;1.08E+11;product_bin
2024-10-22 15:39:14.866000;1.08E+11;product_bin
2024-10-22 15:39:14.866000;1.08E+11;product_bin
2024-10-22 15:39:13.056000;1.08E+11;product_bin
2024-10-22 15:39:13.056000;1.08E+11;product_bin
2024-10-22 15:39:13.056000;1.08E+11;product_bin
2024-10-22 15:39:13.056000;1.08E+11;product_bin
2024-10-22 15:39:13.056000;1.08E+11;product_bin
2024-10-22 15:38:25.372000;1.08E+11;product_bin
2024-10-22 15:38:25.372000;1.08E+11;product_bin
2024-10-22 15:38:25.372000;1.08E+11;product_bin
2024-10-22 15:38:25.372000;1.08E+11;product_bin
2024-10-22 15:38:25.372000;1.08E+11;product_bin
2024-10-22 15:40:06.205000;1.08E+11;product_bin
2024-10-22 15:40:04.830000;1.08E+11;product_bin
2024-10-22 15:40:03.592000;1.08E+11;product_bin
2024-10-22 15:40:01.000000;1.08E+11;product_bin
2024-10-22 15:40:09.075000;1.08E+11;product_bin
2024-10-22 15:39:59.478000;1.08E+11;product_bin
2024-10-22 15:40:07.600000;1.08E+11;product_bin
2024-10-22 17:20:49.579000;1.08E+11;product_bin
2024-10-22 17:25:50.032000;1.08E+11;product_bin
2024-10-22 17:24:20.715000;1.08E+11;product_bin
2024-10-22 17:20:05.842000;1.08E+11;product_bin
2024-10-22 17:20:45.132000;1.08E+11;pageview
2024-10-22 17:21:58.925000;1.08E+11;product_bin
2024-10-22 21:16:03.755000;1.08E+11;product_bin
2024-10-22 21:16:03.755000;1.08E+11;product_bin
2024-10-22 21:16:03.755000;1.08E+11;product_bin
2024-10-22 21:16:03.755000;1.08E+11;product_bin
2024-10-22 21:16:03.755000;1.08E+11;product_bin
2024-10-22 21:16:32.096000;1.08E+11;product_bin
2024-10-22 21:16:32.096000;1.08E+11;product_bin
2024-10-22 21:16:32.096000;1.08E+11;product_bin
2024-10-22 21:16:32.096000;1.08E+11;product_bin
2024-10-22 21:16:32.096000;1.08E+11;product_bin
2024-10-22 21:15:06.750000;1.08E+11;product_bin
2024-10-22 21:15:06.750000;1.08E+11;product_bin
2024-10-22 21:15:06.750000;1.08E+11;product_bin
2024-10-22 21:15:06.750000;1.08E+11;product_bin
2024-10-22 21:15:06.750000;1.08E+11;product_bin
2024-10-22 21:17:07.875000;1.08E+11;product_bin
2024-10-22 21:17:06.126000;1.08E+11;product_bin
2024-10-22 22:08:57.647000;1.08E+11;product_bin
2024-10-22 22:08:57.647000;1.08E+11;product_bin
2024-10-22 22:08:57.647000;1.08E+11;product_bin
2024-10-22 22:08:57.647000;1.08E+11;product_bin
2024-10-22 22:08:57.647000;1.08E+11;product_bin
2024-10-22 22:08:57.647000;1.08E+11;product_bin
2024-10-22 22:09:35.075000;1.08E+11;success
2024-10-22 22:09:35.075000;1.08E+11;success
2024-10-22 22:09:35.075000;1.08E+11;success
2024-10-22 22:09:35.075000;1.08E+11;success
2024-10-22 22:09:35.075000;1.08E+11;success
2024-10-22 22:09:35.075000;1.08E+11;success
2024-10-22 22:08:32.340000;1.08E+11;pageview
2024-10-22 22:08:32.340000;1.08E+11;pageview
2024-10-22 22:08:32.340000;1.08E+11;pageview
2024-10-22 22:08:32.340000;1.08E+11;pageview
2024-10-22 22:08:32.340000;1.08E+11;pageview
2024-10-22 22:08:32.340000;1.08E+11;pageview
2024-10-22 22:08:00.724000;1.08E+11;pageview
2024-10-22 22:08:00.724000;1.08E+11;pageview
2024-10-22 22:08:00.724000;1.08E+11;pageview
2024-10-22 22:08:00.724000;1.08E+11;pageview
2024-10-22 22:08:00.724000;1.08E+11;pageview
2024-10-22 22:08:00.724000;1.08E+11;pageview
2024-10-22 22:08:47.777000;1.08E+11;success
2024-10-22 22:08:47.777000;1.08E+11;success
2024-10-22 22:08:47.777000;1.08E+11;success
2024-10-22 22:08:47.777000;1.08E+11;success
2024-10-22 22:08:47.777000;1.08E+11;success
2024-10-22 22:08:47.777000;1.08E+11;success
2024-10-22 22:08:49.387000;1.08E+11;product_bin
2024-10-22 22:08:49.387000;1.08E+11;product_bin
2024-10-22 22:08:49.387000;1.08E+11;product_bin
2024-10-22 22:08:49.387000;1.08E+11;product_bin
2024-10-22 22:08:49.387000;1.08E+11;product_bin
2024-10-22 22:08:49.387000;1.08E+11;product_bin
2024-10-22 22:10:28.968000;1.08E+11;pageview
2024-10-22 22:10:28.968000;1.08E+11;pageview
2024-10-22 22:10:28.968000;1.08E+11;pageview
2024-10-22 22:10:28.968000;1.08E+11;pageview
2024-10-22 22:10:28.968000;1.08E+11;pageview
2024-10-22 22:10:28.968000;1.08E+11;pageview
2024-10-22 22:08:52.280000;1.08E+11;product_bin
2024-10-22 22:08:52.280000;1.08E+11;product_bin
2024-10-22 22:08:52.280000;1.08E+11;product_bin
2024-10-22 22:08:52.280000;1.08E+11;product_bin
2024-10-22 22:08:52.280000;1.08E+11;product_bin
2024-10-22 22:08:52.280000;1.08E+11;product_bin
2024-10-22 22:08:54.425000;1.08E+11;product_bin
2024-10-22 22:08:54.425000;1.08E+11;product_bin
2024-10-22 22:08:54.425000;1.08E+11;product_bin
2024-10-22 22:08:54.425000;1.08E+11;product_bin
2024-10-22 22:08:54.425000;1.08E+11;product_bin
2024-10-22 22:08:54.425000;1.08E+11;product_bin
2024-10-22 22:10:18.642000;1.08E+11;product_bin
2024-10-22 22:10:18.642000;1.08E+11;product_bin
2024-10-22 22:10:18.642000;1.08E+11;product_bin
2024-10-22 22:10:18.642000;1.08E+11;product_bin
2024-10-22 22:10:18.642000;1.08E+11;product_bin
2024-10-22 22:10:18.642000;1.08E+11;product_bin
2024-10-22 22:08:59.316000;1.08E+11;product_bin
2024-10-22 22:08:59.316000;1.08E+11;product_bin
2024-10-22 22:08:59.316000;1.08E+11;product_bin
2024-10-22 22:08:59.316000;1.08E+11;product_bin
2024-10-22 22:08:59.316000;1.08E+11;product_bin
2024-10-22 22:08:59.316000;1.08E+11;product_bin
2024-10-22 22:12:33.005000;1.08E+11;product_bin
2024-10-22 22:12:33.005000;1.08E+11;product_bin
2024-10-22 22:12:33.005000;1.08E+11;product_bin
2024-10-22 22:12:33.005000;1.08E+11;product_bin
2024-10-22 22:12:33.005000;1.08E+11;product_bin
2024-10-22 22:12:31.633000;1.08E+11;product_bin
2024-10-22 22:12:31.633000;1.08E+11;product_bin
2024-10-22 22:12:31.633000;1.08E+11;product_bin
2024-10-22 22:12:31.633000;1.08E+11;product_bin
2024-10-22 22:12:31.633000;1.08E+11;product_bin
2024-10-22 22:11:36.029000;1.08E+11;product_bin
2024-10-22 22:11:36.029000;1.08E+11;product_bin
2024-10-22 22:11:36.029000;1.08E+11;product_bin
2024-10-22 22:11:36.029000;1.08E+11;product_bin
2024-10-22 22:11:36.029000;1.08E+11;product_bin
2024-10-22 22:11:25.112000;1.08E+11;pageview
2024-10-22 22:11:25.112000;1.08E+11;pageview
2024-10-22 22:11:25.112000;1.08E+11;pageview
2024-10-22 22:11:25.112000;1.08E+11;pageview
2024-10-22 22:11:25.112000;1.08E+11;pageview
2024-10-22 22:12:41.289000;1.08E+11;pageview
2024-10-22 22:12:41.289000;1.08E+11;pageview
2024-10-22 22:12:41.289000;1.08E+11;pageview
2024-10-22 22:12:41.289000;1.08E+11;pageview
2024-10-22 22:12:41.289000;1.08E+11;pageview
2024-10-22 22:13:24.824000;1.08E+11;product_bin
2024-10-22 22:13:28.017000;1.08E+11;product_bin
2024-10-22 22:13:21.567000;1.08E+11;product_bin
2024-10-22 22:13:19.916000;1.08E+11;product_bin
2024-10-22 22:22:48.571000;1.08E+11;success
2024-10-22 22:22:48.571000;1.08E+11;success
2024-10-22 22:22:48.571000;1.08E+11;success
2024-10-22 22:22:48.571000;1.08E+11;success
2024-10-22 22:22:48.571000;1.08E+11;success
2024-10-22 22:23:09.804000;1.08E+11;success
2024-10-22 22:23:09.804000;1.08E+11;success
2024-10-22 22:23:09.804000;1.08E+11;success
2024-10-22 22:23:09.804000;1.08E+11;success
2024-10-22 22:23:09.804000;1.08E+11;success
2024-10-22 22:20:56.190000;1.08E+11;pageview
2024-10-22 22:20:56.190000;1.08E+11;pageview
2024-10-22 22:20:56.190000;1.08E+11;pageview
2024-10-22 22:20:56.190000;1.08E+11;pageview
2024-10-22 22:20:56.190000;1.08E+11;pageview
2024-10-22 22:23:22.761000;1.08E+11;pageview
2024-10-22 22:23:22.761000;1.08E+11;pageview
2024-10-22 22:23:22.761000;1.08E+11;pageview
2024-10-22 22:23:22.761000;1.08E+11;pageview
2024-10-22 22:23:22.761000;1.08E+11;pageview
2024-10-22 22:26:04.179000;1.08E+11;success
2024-10-22 22:26:04.179000;1.08E+11;success
2024-10-22 22:26:04.179000;1.08E+11;success
2024-10-22 22:26:04.179000;1.08E+11;success
2024-10-22 22:26:04.179000;1.08E+11;success
2024-10-22 22:24:53.749000;1.08E+11;success
2024-10-22 22:24:53.749000;1.08E+11;success
2024-10-22 22:24:53.749000;1.08E+11;success
2024-10-22 22:24:53.749000;1.08E+11;success
2024-10-22 22:24:53.749000;1.08E+11;success
2024-10-22 22:25:07.012000;1.08E+11;pageview
2024-10-22 22:25:07.012000;1.08E+11;pageview
2024-10-22 22:25:07.012000;1.08E+11;pageview
2024-10-22 22:25:07.012000;1.08E+11;pageview
2024-10-22 22:25:07.012000;1.08E+11;pageview
2024-10-22 22:26:15.726000;1.08E+11;pageview
2024-10-22 22:36:44.732000;1.08E+11;product_bin
2024-10-22 22:36:44.732000;1.08E+11;product_bin
2024-10-22 22:36:44.732000;1.08E+11;product_bin
2024-10-22 22:34:32.667000;1.08E+11;pageview
2024-10-22 22:34:32.667000;1.08E+11;pageview
2024-10-22 22:34:32.667000;1.08E+11;pageview
2024-10-22 22:34:32.667000;1.08E+11;pageview
2024-10-22 22:34:32.667000;1.08E+11;pageview
2024-10-22 22:34:32.667000;1.08E+11;pageview
2024-10-22 22:36:41.966000;1.08E+11;product_bin
2024-10-22 22:36:18.046000;1.08E+11;product_bin
2024-10-22 22:36:18.046000;1.08E+11;product_bin
2024-10-22 22:36:18.046000;1.08E+11;product_bin
2024-10-22 22:36:18.046000;1.08E+11;product_bin
2024-10-22 22:36:18.046000;1.08E+11;product_bin
2024-10-22 22:36:18.046000;1.08E+11;product_bin
2024-10-22 22:35:43.558000;1.08E+11;pageview
2024-10-22 22:35:43.558000;1.08E+11;pageview
2024-10-22 22:35:43.558000;1.08E+11;pageview
2024-10-22 22:35:43.558000;1.08E+11;pageview
2024-10-22 22:35:43.558000;1.08E+11;pageview
2024-10-22 22:35:43.558000;1.08E+11;pageview
2024-10-22 22:36:19.280000;1.08E+11;product_bin
2024-10-22 22:36:19.280000;1.08E+11;product_bin
2024-10-22 22:36:19.280000;1.08E+11;product_bin
2024-10-22 22:36:19.280000;1.08E+11;product_bin
2024-10-22 22:36:19.280000;1.08E+11;product_bin
2024-10-22 22:36:19.280000;1.08E+11;product_bin
2024-10-22 22:35:01.641000;1.08E+11;pageview
2024-10-22 22:35:01.641000;1.08E+11;pageview
2024-10-22 22:35:01.641000;1.08E+11;pageview
2024-10-22 22:35:01.641000;1.08E+11;pageview
2024-10-22 22:35:01.641000;1.08E+11;pageview
2024-10-22 22:35:01.641000;1.08E+11;pageview
2024-10-22 22:36:07.505000;1.08E+11;pageview
2024-10-22 22:36:07.505000;1.08E+11;pageview
2024-10-22 22:36:07.505000;1.08E+11;pageview
2024-10-22 22:36:07.505000;1.08E+11;pageview
2024-10-22 22:36:07.505000;1.08E+11;pageview
2024-10-22 22:36:07.505000;1.08E+11;pageview
2024-10-22 22:39:40.446000;1.08E+11;product_bin
2024-10-22 22:39:40.446000;1.08E+11;product_bin
2024-10-22 22:39:40.446000;1.08E+11;product_bin
2024-10-22 22:39:40.446000;1.08E+11;product_bin
2024-10-22 22:39:40.446000;1.08E+11;product_bin
2024-10-22 22:39:46.774000;1.08E+11;product_bin
2024-10-22 22:39:46.774000;1.08E+11;product_bin
2024-10-22 22:39:46.774000;1.08E+11;product_bin
2024-10-22 22:39:46.774000;1.08E+11;product_bin
2024-10-22 22:39:46.774000;1.08E+11;product_bin
2024-10-22 22:39:41.810000;1.08E+11;product_bin
2024-10-22 22:39:41.810000;1.08E+11;product_bin
2024-10-22 22:39:41.810000;1.08E+11;product_bin
2024-10-22 22:39:41.810000;1.08E+11;product_bin
2024-10-22 22:39:41.810000;1.08E+11;product_bin
2024-10-22 22:38:49.212000;1.08E+11;product_bin
2024-10-22 22:38:49.212000;1.08E+11;product_bin
2024-10-22 22:38:49.212000;1.08E+11;product_bin
2024-10-22 22:38:49.212000;1.08E+11;product_bin
2024-10-22 22:38:49.212000;1.08E+11;product_bin
2024-10-22 22:39:16.797000;1.08E+11;product_bin
2024-10-22 22:39:16.797000;1.08E+11;product_bin
2024-10-22 22:39:16.797000;1.08E+11;product_bin
2024-10-22 22:39:16.797000;1.08E+11;product_bin
2024-10-22 22:39:16.797000;1.08E+11;product_bin
2024-10-22 22:39:48.057000;1.08E+11;product_bin
2024-10-22 22:39:48.057000;1.08E+11;product_bin
2024-10-22 22:39:48.057000;1.08E+11;product_bin
2024-10-22 22:39:48.057000;1.08E+11;product_bin
2024-10-22 22:39:48.057000;1.08E+11;product_bin
2024-10-22 22:39:37.141000;1.08E+11;success
2024-10-22 22:39:37.141000;1.08E+11;success
2024-10-22 22:39:37.141000;1.08E+11;success
2024-10-22 22:39:37.141000;1.08E+11;success
2024-10-22 22:39:37.141000;1.08E+11;success
2024-10-22 22:38:33.149000;1.08E+11;pageview
2024-10-22 22:38:33.149000;1.08E+11;pageview
2024-10-22 22:38:33.149000;1.08E+11;pageview
2024-10-22 22:38:33.149000;1.08E+11;pageview
2024-10-22 22:38:33.149000;1.08E+11;pageview
2024-10-22 22:38:20.405000;1.08E+11;success
2024-10-22 22:38:20.405000;1.08E+11;success
2024-10-22 22:38:20.405000;1.08E+11;success
2024-10-22 22:38:20.405000;1.08E+11;success
2024-10-22 22:38:20.405000;1.08E+11;success
2024-10-22 22:38:51.403000;1.08E+11;product_bin
2024-10-22 22:38:51.403000;1.08E+11;product_bin
2024-10-22 22:38:51.403000;1.08E+11;product_bin
2024-10-22 22:38:51.403000;1.08E+11;product_bin
2024-10-22 22:38:51.403000;1.08E+11;product_bin
2024-10-22 22:39:26.132000;1.08E+11;pageview
2024-10-22 22:39:26.132000;1.08E+11;pageview
2024-10-22 22:39:26.132000;1.08E+11;pageview
2024-10-22 22:39:26.132000;1.08E+11;pageview
2024-10-22 22:39:26.132000;1.08E+11;pageview
2024-10-22 22:39:02.750000;1.08E+11;pageview
2024-10-22 22:39:02.750000;1.08E+11;pageview
2024-10-22 22:39:02.750000;1.08E+11;pageview
2024-10-22 22:39:02.750000;1.08E+11;pageview
2024-10-22 22:39:02.750000;1.08E+11;pageview
2024-10-22 22:40:11.441000;1.08E+11;product_bin
2024-10-22 22:40:01.293000;1.08E+11;success
2024-10-22 04:05:35.228000;96080880366;product_bin
2024-10-22 03:56:53.158000;96080880366;product_bin
2024-10-22 03:56:17.234000;96080880366;product_bin
2024-10-22 03:35:15.900000;96080880366;pageview
2024-10-22 03:56:03.881000;96080880366;product_bin
2024-10-22 19:13:38.959000;1.02E+11;product_bin
2024-10-22 19:21:01.090000;1.02E+11;product_bin
2024-10-22 19:11:37.711000;1.02E+11;product_bin
2024-10-22 03:50:09.905000;1.05E+11;pageview
2024-10-22 03:50:00.739000;1.05E+11;product_bin
2024-10-22 03:44:43.838000;1.05E+11;product_bin
2024-10-22 11:24:41.345000;1.05E+11;pageview
2024-10-22 10:15:33.654000;1.06E+11;pageview
2024-10-22 07:52:43.920000;1.06E+11;pageview
2024-10-22 23:49:09.917000;1.08E+11;pageview
2024-10-22 23:49:09.917000;1.08E+11;pageview
2024-10-22 04:07:25.893000;1.08E+11;pageview
2024-10-22 04:07:30.366000;1.08E+11;pageview
2024-10-22 01:45:00.316000;1.08E+11;product_bin
2024-10-22 00:38:21.705000;1.08E+11;product_bin
2024-10-22 01:07:33.521000;1.08E+11;product_bin
2024-10-22 01:50:36.997000;1.08E+11;product_bin
2024-10-22 01:07:30.384000;1.08E+11;product_bin
2024-10-22 03:23:40.640000;1.08E+11;pageview
2024-10-22 03:25:38.292000;1.08E+11;product_bin
2024-10-22 03:24:22.096000;1.08E+11;pageview
2024-10-22 04:12:36.610000;1.08E+11;pageview
2024-10-22 12:05:38.722000;1.08E+11;product_bin
2024-10-22 11:34:22.787000;1.08E+11;pageview
2024-10-22 11:38:21.306000;1.08E+11;product_bin
2024-10-22 11:43:59.749000;1.08E+11;product_bin
2024-10-22 12:01:16.297000;1.08E+11;product_bin
2024-10-22 04:12:31.567000;1.08E+11;pageview
2024-10-22 12:48:24.565000;1.08E+11;product_bin
2024-10-22 11:47:46.645000;1.08E+11;product_bin
2024-10-22 11:35:21.573000;1.08E+11;product_bin
2024-10-22 11:35:55.955000;1.08E+11;product_bin
2024-10-22 11:34:17.866000;1.08E+11;pageview
2024-10-22 13:04:39.251000;1.08E+11;product_bin
2024-10-22 12:34:44.926000;1.08E+11;product_bin
2024-10-22 05:50:05.367000;1.08E+11;success
2024-10-22 06:15:05.881000;1.08E+11;product_bin
2024-10-22 08:48:03.165000;1.08E+11;pageview
2024-10-22 08:51:35.552000;1.08E+11;product_bin
2024-10-22 07:10:23.869000;1.08E+11;product_bin
2024-10-22 07:07:31.100000;1.08E+11;product_bin
2024-10-22 07:15:19.465000;1.08E+11;pageview
2024-10-22 08:52:04.935000;1.08E+11;pageview
2024-10-22 08:48:08.447000;1.08E+11;pageview
2024-10-22 08:47:48.643000;1.08E+11;pageview
2024-10-22 07:10:41.771000;1.08E+11;product_bin
2024-10-22 07:14:55.372000;1.08E+11;product_bin
2024-10-22 08:47:28.792000;1.08E+11;pageview
2024-10-22 07:16:53.258000;1.08E+11;pageview
2024-10-22 07:11:12.085000;1.08E+11;product_bin
2024-10-22 08:48:39.827000;1.08E+11;pageview
2024-10-22 07:08:07.953000;1.08E+11;product_bin
2024-10-22 13:02:03.797000;1.08E+11;pageview
2024-10-22 12:42:05.310000;1.08E+11;product_bin
2024-10-22 12:26:31.640000;1.08E+11;product_bin
2024-10-22 12:16:38.638000;1.08E+11;product_bin
2024-10-22 12:41:43.526000;1.08E+11;product_bin
2024-10-22 12:51:54.497000;1.08E+11;product_bin
2024-10-22 08:04:48.571000;1.08E+11;product_bin
2024-10-22 13:05:17.911000;1.08E+11;pageview
2024-10-22 08:05:29.246000;1.08E+11;product_bin
2024-10-22 12:44:58.404000;1.08E+11;product_bin
2024-10-22 13:00:25.274000;1.08E+11;product_bin
2024-10-22 07:52:47.372000;1.08E+11;pageview
2024-10-22 08:56:57.273000;1.08E+11;pageview
2024-10-22 14:03:32.605000;1.08E+11;pageview
2024-10-22 14:16:09.199000;1.08E+11;pageview
2024-10-22 13:57:19.694000;1.08E+11;pageview
2024-10-22 09:52:24.388000;1.08E+11;pageview
2024-10-22 09:50:21.593000;1.08E+11;pageview
2024-10-22 11:25:30.529000;1.08E+11;pageview
2024-10-22 08:07:53.105000;1.08E+11;product_bin
2024-10-22 14:45:46.571000;1.08E+11;pageview
2024-10-22 08:12:05.115000;1.08E+11;pageview
2024-10-22 09:54:27.449000;1.08E+11;pageview
2024-10-22 08:06:21.294000;1.08E+11;success
2024-10-22 11:05:53.074000;1.08E+11;pageview
2024-10-22 10:12:03.014000;1.08E+11;pageview
2024-10-22 11:29:11.709000;1.08E+11;pageview
2024-10-22 09:00:21.823000;1.08E+11;pageview
2024-10-22 08:54:08.371000;1.08E+11;pageview
2024-10-22 12:54:59.712000;1.08E+11;pageview
2024-10-22 12:55:19.240000;1.08E+11;pageview
2024-10-22 13:58:24.687000;1.08E+11;pageview
2024-10-22 13:24:29.189000;1.08E+11;pageview
2024-10-22 18:05:02.630000;1.08E+11;pageview
2024-10-22 08:10:22.392000;1.08E+11;pageview
2024-10-22 11:42:51.934000;1.08E+11;pageview
2024-10-22 11:04:26.742000;1.08E+11;pageview
2024-10-22 11:59:39.123000;1.08E+11;pageview
2024-10-22 14:11:51.500000;1.08E+11;pageview
2024-10-22 08:13:29.372000;1.08E+11;pageview
2024-10-22 14:16:56.087000;1.08E+11;pageview
2024-10-22 14:47:51.780000;1.08E+11;pageview
2024-10-22 14:01:10.461000;1.08E+11;pageview
2024-10-22 13:31:49.000000;1.08E+11;pageview
2024-10-22 08:58:21.942000;1.08E+11;pageview
2024-10-22 14:51:40.013000;1.08E+11;pageview
2024-10-22 15:05:51.147000;1.08E+11;pageview
2024-10-22 15:04:49.317000;1.08E+11;pageview
2024-10-22 08:07:32.072000;1.08E+11;pageview
2024-10-22 15:00:22.045000;1.08E+11;pageview
2024-10-22 14:48:09.674000;1.08E+11;pageview
2024-10-22 12:58:19.182000;1.08E+11;pageview
2024-10-22 08:21:36.796000;1.08E+11;pageview
2024-10-22 12:42:23.210000;1.08E+11;pageview
2024-10-22 08:12:12.841000;1.08E+11;product_bin
2024-10-22 08:12:12.841000;1.08E+11;product_bin
2024-10-22 08:12:12.841000;1.08E+11;product_bin
2024-10-22 08:12:12.841000;1.08E+11;product_bin
2024-10-22 08:12:12.841000;1.08E+11;product_bin
2024-10-22 08:12:12.841000;1.08E+11;product_bin
2024-10-22 08:11:55.568000;1.08E+11;product_bin
2024-10-22 08:11:55.568000;1.08E+11;product_bin
2024-10-22 08:11:55.568000;1.08E+11;product_bin
2024-10-22 08:11:55.568000;1.08E+11;product_bin
2024-10-22 08:11:55.568000;1.08E+11;product_bin
2024-10-22 08:11:55.568000;1.08E+11;product_bin
2024-10-22 08:12:09.895000;1.08E+11;success
2024-10-22 08:12:09.895000;1.08E+11;success
2024-10-22 08:12:09.895000;1.08E+11;success
2024-10-22 08:12:09.895000;1.08E+11;success
2024-10-22 08:12:09.895000;1.08E+11;success
2024-10-22 08:12:09.895000;1.08E+11;success
2024-10-22 08:10:19.383000;1.08E+11;pageview
2024-10-22 08:10:19.383000;1.08E+11;pageview
2024-10-22 08:10:19.383000;1.08E+11;pageview
2024-10-22 08:10:19.383000;1.08E+11;pageview
2024-10-22 08:10:19.383000;1.08E+11;pageview
2024-10-22 08:10:19.383000;1.08E+11;pageview
2024-10-22 08:11:14.061000;1.08E+11;product_bin
2024-10-22 08:11:14.061000;1.08E+11;product_bin
2024-10-22 08:11:14.061000;1.08E+11;product_bin
2024-10-22 08:11:14.061000;1.08E+11;product_bin
2024-10-22 08:11:14.061000;1.08E+11;product_bin
2024-10-22 08:11:14.061000;1.08E+11;product_bin
2024-10-22 08:11:07.992000;1.08E+11;product_bin
2024-10-22 08:11:07.992000;1.08E+11;product_bin
2024-10-22 08:11:07.992000;1.08E+11;product_bin
2024-10-22 08:11:53.108000;1.08E+11;success
2024-10-22 08:11:53.108000;1.08E+11;success
2024-10-22 08:11:53.108000;1.08E+11;success
2024-10-22 08:11:53.108000;1.08E+11;success
2024-10-22 08:11:53.108000;1.08E+11;success
2024-10-22 08:11:53.108000;1.08E+11;success
2024-10-22 08:12:18.803000;1.08E+11;pageview
2024-10-22 08:12:18.803000;1.08E+11;pageview
2024-10-22 08:12:18.803000;1.08E+11;pageview
2024-10-22 08:12:18.803000;1.08E+11;pageview
2024-10-22 08:12:18.803000;1.08E+11;pageview
2024-10-22 08:12:18.803000;1.08E+11;pageview
2024-10-22 08:12:01.236000;1.08E+11;pageview
2024-10-22 08:12:01.236000;1.08E+11;pageview
2024-10-22 08:12:01.236000;1.08E+11;pageview
2024-10-22 08:12:01.236000;1.08E+11;pageview
2024-10-22 08:12:01.236000;1.08E+11;pageview
2024-10-22 08:12:01.236000;1.08E+11;pageview
2024-10-22 08:14:40.125000;1.08E+11;success
2024-10-22 08:14:40.125000;1.08E+11;success
2024-10-22 08:14:40.125000;1.08E+11;success
2024-10-22 08:14:40.125000;1.08E+11;success
2024-10-22 08:14:40.125000;1.08E+11;success
2024-10-22 08:14:40.125000;1.08E+11;success
2024-10-22 08:14:43.847000;1.08E+11;product_bin
2024-10-22 08:13:39.171000;1.08E+11;success
2024-10-22 08:13:39.171000;1.08E+11;success
2024-10-22 08:13:39.171000;1.08E+11;success
2024-10-22 08:13:39.171000;1.08E+11;success
2024-10-22 08:13:39.171000;1.08E+11;success
2024-10-22 08:13:39.171000;1.08E+11;success
2024-10-22 08:13:47.372000;1.08E+11;pageview
2024-10-22 08:13:47.372000;1.08E+11;pageview
2024-10-22 08:13:47.372000;1.08E+11;pageview
2024-10-22 08:13:47.372000;1.08E+11;pageview
2024-10-22 08:13:47.372000;1.08E+11;pageview
2024-10-22 08:13:47.372000;1.08E+11;pageview
2024-10-22 08:14:23.924000;1.08E+11;product_bin
2024-10-22 08:14:23.924000;1.08E+11;product_bin
2024-10-22 08:14:23.924000;1.08E+11;product_bin
2024-10-22 08:14:23.924000;1.08E+11;product_bin
2024-10-22 08:14:23.924000;1.08E+11;product_bin
2024-10-22 08:14:23.924000;1.08E+11;product_bin
2024-10-22 08:14:44.926000;1.08E+11;product_bin
2024-10-22 08:14:44.926000;1.08E+11;product_bin
2024-10-22 08:14:44.926000;1.08E+11;product_bin
2024-10-22 08:14:44.926000;1.08E+11;product_bin
2024-10-22 08:14:44.926000;1.08E+11;product_bin
2024-10-22 08:14:44.926000;1.08E+11;product_bin
2024-10-22 08:41:03.315000;1.08E+11;pageview
2024-10-22 10:55:32.693000;1.08E+11;product_bin
2024-10-22 10:52:42.195000;1.08E+11;product_bin
2024-10-22 10:51:42.735000;1.08E+11;pageview
2024-10-22 10:53:42.359000;1.08E+11;pageview
2024-10-22 10:54:08.642000;1.08E+11;pageview
2024-10-22 10:51:50.978000;1.08E+11;product_bin
2024-10-22 10:54:46.373000;1.08E+11;pageview
2024-10-22 12:13:43.583000;1.08E+11;product_bin
2024-10-22 12:13:45.678000;1.08E+11;success
2024-10-22 12:13:19.328000;1.08E+11;pageview
2024-10-22 12:08:42.766000;1.08E+11;pageview
2024-10-22 12:09:14.186000;1.08E+11;pageview
2024-10-22 12:14:16.613000;1.08E+11;pageview
2024-10-22 12:16:34.397000;1.08E+11;product_bin
2024-10-22 12:42:22.471000;1.08E+11;success
2024-10-22 12:42:22.471000;1.08E+11;success
2024-10-22 12:42:22.471000;1.08E+11;success
2024-10-22 12:42:22.471000;1.08E+11;success
2024-10-22 12:42:22.471000;1.08E+11;success
2024-10-22 12:42:22.471000;1.08E+11;success
2024-10-22 12:41:47.793000;1.08E+11;success
2024-10-22 12:41:47.793000;1.08E+11;success
2024-10-22 12:41:47.793000;1.08E+11;success
2024-10-22 12:41:47.793000;1.08E+11;success
2024-10-22 12:41:47.793000;1.08E+11;success
2024-10-22 12:41:47.793000;1.08E+11;success
2024-10-22 12:45:25.531000;1.08E+11;pageview
2024-10-22 12:45:25.531000;1.08E+11;pageview
2024-10-22 12:45:25.531000;1.08E+11;pageview
2024-10-22 12:45:25.531000;1.08E+11;pageview
2024-10-22 12:45:25.531000;1.08E+11;pageview
2024-10-22 12:45:10.856000;1.08E+11;success
2024-10-22 12:45:10.856000;1.08E+11;success
2024-10-22 12:45:10.856000;1.08E+11;success
2024-10-22 12:45:10.856000;1.08E+11;success
2024-10-22 12:45:10.856000;1.08E+11;success
2024-10-22 14:54:56.307000;1.08E+11;product_bin
2024-10-22 14:54:56.307000;1.08E+11;product_bin
2024-10-22 14:54:56.307000;1.08E+11;product_bin
2024-10-22 14:54:56.307000;1.08E+11;product_bin
2024-10-22 14:54:56.307000;1.08E+11;product_bin
2024-10-22 14:54:56.307000;1.08E+11;product_bin
2024-10-22 14:55:41.912000;1.08E+11;product_bin
2024-10-22 14:55:41.912000;1.08E+11;product_bin
2024-10-22 14:55:41.912000;1.08E+11;product_bin
2024-10-22 14:55:41.912000;1.08E+11;product_bin
2024-10-22 14:55:41.912000;1.08E+11;product_bin
2024-10-22 14:55:41.912000;1.08E+11;product_bin
2024-10-22 14:56:17.688000;1.08E+11;success
2024-10-22 14:56:17.688000;1.08E+11;success
2024-10-22 14:56:17.688000;1.08E+11;success
2024-10-22 14:56:17.688000;1.08E+11;success
2024-10-22 14:56:17.688000;1.08E+11;success
2024-10-22 14:56:17.688000;1.08E+11;success
2024-10-22 14:55:34.430000;1.08E+11;product_bin
2024-10-22 14:55:34.430000;1.08E+11;product_bin
2024-10-22 14:55:34.430000;1.08E+11;product_bin
2024-10-22 14:55:34.430000;1.08E+11;product_bin
2024-10-22 14:55:34.430000;1.08E+11;product_bin
2024-10-22 14:55:34.430000;1.08E+11;product_bin
2024-10-22 14:57:00.439000;1.08E+11;pageview
2024-10-22 14:57:00.439000;1.08E+11;pageview
2024-10-22 14:57:00.439000;1.08E+11;pageview
2024-10-22 14:57:00.439000;1.08E+11;pageview
2024-10-22 14:57:00.439000;1.08E+11;pageview
2024-10-22 14:57:00.439000;1.08E+11;pageview
2024-10-22 14:56:45.333000;1.08E+11;product_bin
2024-10-22 14:56:45.333000;1.08E+11;product_bin
2024-10-22 14:56:45.333000;1.08E+11;product_bin
2024-10-22 14:56:45.333000;1.08E+11;product_bin
2024-10-22 14:56:45.333000;1.08E+11;product_bin
2024-10-22 14:56:45.333000;1.08E+11;product_bin
2024-10-22 14:56:42.362000;1.08E+11;product_bin
2024-10-22 14:56:42.362000;1.08E+11;product_bin
2024-10-22 14:56:42.362000;1.08E+11;product_bin
2024-10-22 14:56:42.362000;1.08E+11;product_bin
2024-10-22 14:56:42.362000;1.08E+11;product_bin
2024-10-22 14:57:11.257000;1.08E+11;success
2024-10-22 14:57:11.257000;1.08E+11;success
2024-10-22 14:57:11.257000;1.08E+11;success
2024-10-22 14:57:11.257000;1.08E+11;success
2024-10-22 14:57:11.257000;1.08E+11;success
2024-10-22 14:57:11.257000;1.08E+11;success
2024-10-22 14:56:39.270000;1.08E+11;success
2024-10-22 14:56:39.270000;1.08E+11;success
2024-10-22 14:56:39.270000;1.08E+11;success
2024-10-22 14:56:39.270000;1.08E+11;success
2024-10-22 14:56:39.270000;1.08E+11;success
2024-10-22 14:56:39.270000;1.08E+11;success
2024-10-22 14:54:54.766000;1.08E+11;success
2024-10-22 14:54:54.766000;1.08E+11;success
2024-10-22 14:54:54.766000;1.08E+11;success
2024-10-22 14:54:54.766000;1.08E+11;success
2024-10-22 14:54:54.766000;1.08E+11;success
2024-10-22 14:54:54.766000;1.08E+11;success
2024-10-22 14:59:46.385000;1.08E+11;success
2024-10-22 14:59:46.385000;1.08E+11;success
2024-10-22 14:59:46.385000;1.08E+11;success
2024-10-22 14:59:46.385000;1.08E+11;success
2024-10-22 14:59:46.385000;1.08E+11;success
2024-10-22 14:59:49.383000;1.08E+11;product_bin
2024-10-22 14:59:37.286000;1.08E+11;pageview
2024-10-22 14:59:37.286000;1.08E+11;pageview
2024-10-22 14:59:37.286000;1.08E+11;pageview
2024-10-22 14:59:37.286000;1.08E+11;pageview
2024-10-22 14:59:37.286000;1.08E+11;pageview
2024-10-22 14:59:00.335000;1.08E+11;product_bin
2024-10-22 14:59:00.335000;1.08E+11;product_bin
2024-10-22 14:59:00.335000;1.08E+11;product_bin
2024-10-22 14:59:00.335000;1.08E+11;product_bin
2024-10-22 14:59:00.335000;1.08E+11;product_bin
2024-10-22 15:00:16.240000;1.08E+11;product_bin
2024-10-22 15:00:16.240000;1.08E+11;product_bin
2024-10-22 15:00:16.240000;1.08E+11;product_bin
2024-10-22 15:00:16.240000;1.08E+11;product_bin
2024-10-22 15:00:16.240000;1.08E+11;product_bin
2024-10-22 14:58:54.576000;1.08E+11;success
2024-10-22 14:58:54.576000;1.08E+11;success
2024-10-22 14:58:54.576000;1.08E+11;success
2024-10-22 14:58:54.576000;1.08E+11;success
2024-10-22 14:58:54.576000;1.08E+11;success
2024-10-22 15:00:42.687000;1.08E+11;product_bin
2024-10-22 15:35:44.511000;1.08E+11;product_bin
2024-10-22 15:35:44.511000;1.08E+11;product_bin
2024-10-22 15:35:44.511000;1.08E+11;product_bin
2024-10-22 15:35:44.511000;1.08E+11;product_bin
2024-10-22 15:35:44.511000;1.08E+11;product_bin
2024-10-22 15:35:44.511000;1.08E+11;product_bin
2024-10-22 15:35:58.475000;1.08E+11;product_bin
2024-10-22 15:35:58.475000;1.08E+11;product_bin
2024-10-22 15:35:58.475000;1.08E+11;product_bin
2024-10-22 15:35:58.475000;1.08E+11;product_bin
2024-10-22 15:35:58.475000;1.08E+11;product_bin
2024-10-22 15:35:58.475000;1.08E+11;product_bin
2024-10-22 15:35:55.041000;1.08E+11;product_bin
2024-10-22 15:35:55.041000;1.08E+11;product_bin
2024-10-22 15:35:55.041000;1.08E+11;product_bin
2024-10-22 15:35:55.041000;1.08E+11;product_bin
2024-10-22 15:35:55.041000;1.08E+11;product_bin
2024-10-22 15:35:55.041000;1.08E+11;product_bin
2024-10-22 15:36:27.377000;1.08E+11;product_bin
2024-10-22 15:36:27.377000;1.08E+11;product_bin
2024-10-22 15:36:27.377000;1.08E+11;product_bin
2024-10-22 15:36:27.377000;1.08E+11;product_bin
2024-10-22 15:36:27.377000;1.08E+11;product_bin
2024-10-22 15:36:27.377000;1.08E+11;product_bin
2024-10-22 15:36:46.625000;1.08E+11;product_bin
2024-10-22 15:36:46.625000;1.08E+11;product_bin
2024-10-22 15:36:54.604000;1.08E+11;pageview
2024-10-22 15:36:54.604000;1.08E+11;pageview
2024-10-22 15:36:54.604000;1.08E+11;pageview
2024-10-22 15:36:54.604000;1.08E+11;pageview
2024-10-22 15:36:54.604000;1.08E+11;pageview
2024-10-22 15:36:54.604000;1.08E+11;pageview
2024-10-22 15:36:11.445000;1.08E+11;pageview
2024-10-22 15:36:11.445000;1.08E+11;pageview
2024-10-22 15:36:11.445000;1.08E+11;pageview
2024-10-22 15:36:11.445000;1.08E+11;pageview
2024-10-22 15:36:11.445000;1.08E+11;pageview
2024-10-22 15:36:11.445000;1.08E+11;pageview
2024-10-22 15:35:35.366000;1.08E+11;success
2024-10-22 15:35:35.366000;1.08E+11;success
2024-10-22 15:35:35.366000;1.08E+11;success
2024-10-22 15:35:35.366000;1.08E+11;success
2024-10-22 15:35:35.366000;1.08E+11;success
2024-10-22 15:35:35.366000;1.08E+11;success
2024-10-22 15:38:07.644000;1.08E+11;pageview
2024-10-22 15:38:07.644000;1.08E+11;pageview
2024-10-22 15:38:07.644000;1.08E+11;pageview
2024-10-22 15:38:07.644000;1.08E+11;pageview
2024-10-22 15:39:00.292000;1.08E+11;pageview
2024-10-22 15:39:00.292000;1.08E+11;pageview
2024-10-22 15:39:00.292000;1.08E+11;pageview
2024-10-22 15:39:00.292000;1.08E+11;pageview
2024-10-22 15:39:44.771000;1.08E+11;pageview
2024-10-22 17:15:35.327000;1.08E+11;pageview
2024-10-22 18:19:06.638000;1.08E+11;pageview
2024-10-22 22:09:46.929000;1.08E+11;pageview
2024-10-22 22:09:46.929000;1.08E+11;pageview
2024-10-22 22:09:46.929000;1.08E+11;pageview
2024-10-22 22:09:46.929000;1.08E+11;pageview
2024-10-22 22:09:46.929000;1.08E+11;pageview
2024-10-22 22:09:46.929000;1.08E+11;pageview
2024-10-22 22:10:20.131000;1.08E+11;product_bin
2024-10-22 22:10:20.131000;1.08E+11;product_bin
2024-10-22 22:10:20.131000;1.08E+11;product_bin
2024-10-22 22:10:20.131000;1.08E+11;product_bin
2024-10-22 22:10:20.131000;1.08E+11;product_bin
2024-10-22 22:08:12.628000;1.08E+11;success
2024-10-22 22:08:12.628000;1.08E+11;success
2024-10-22 22:08:12.628000;1.08E+11;success
2024-10-22 22:08:12.628000;1.08E+11;success
2024-10-22 22:08:12.628000;1.08E+11;success
2024-10-22 22:08:12.628000;1.08E+11;success
2024-10-22 22:10:38.754000;1.08E+11;success
2024-10-22 22:10:38.754000;1.08E+11;success
2024-10-22 22:09:39.074000;1.08E+11;product_bin
2024-10-22 22:09:39.074000;1.08E+11;product_bin
2024-10-22 22:09:39.074000;1.08E+11;product_bin
2024-10-22 22:09:39.074000;1.08E+11;product_bin
2024-10-22 22:09:39.074000;1.08E+11;product_bin
2024-10-22 22:09:39.074000;1.08E+11;product_bin
2024-10-22 22:10:40.576000;1.08E+11;product_bin
2024-10-22 22:10:40.576000;1.08E+11;product_bin
2024-10-22 22:10:40.576000;1.08E+11;product_bin
2024-10-22 22:10:40.576000;1.08E+11;product_bin
2024-10-22 22:10:40.576000;1.08E+11;product_bin
2024-10-22 22:10:40.576000;1.08E+11;product_bin
2024-10-22 22:10:42.431000;1.08E+11;pageview
2024-10-22 22:10:42.431000;1.08E+11;pageview
2024-10-22 22:10:42.431000;1.08E+11;pageview
2024-10-22 22:10:42.431000;1.08E+11;pageview
2024-10-22 22:10:42.431000;1.08E+11;pageview
2024-10-22 22:12:06.470000;1.08E+11;product_bin
2024-10-22 22:12:06.470000;1.08E+11;product_bin
2024-10-22 22:12:06.470000;1.08E+11;product_bin
2024-10-22 22:11:50.328000;1.08E+11;pageview
2024-10-22 22:11:50.328000;1.08E+11;pageview
2024-10-22 22:11:50.328000;1.08E+11;pageview
2024-10-22 22:11:50.328000;1.08E+11;pageview
2024-10-22 22:11:50.328000;1.08E+11;pageview
2024-10-22 22:12:02.365000;1.08E+11;success
2024-10-22 22:12:02.365000;1.08E+11;success
2024-10-22 22:12:02.365000;1.08E+11;success
2024-10-22 22:13:16.930000;1.08E+11;success
2024-10-22 22:21:54.612000;1.08E+11;success
2024-10-22 22:21:54.612000;1.08E+11;success
2024-10-22 22:21:54.612000;1.08E+11;success
2024-10-22 22:21:54.612000;1.08E+11;success
2024-10-22 22:21:54.612000;1.08E+11;success
2024-10-22 22:21:54.612000;1.08E+11;success
2024-10-22 22:23:01.411000;1.08E+11;pageview
2024-10-22 22:23:01.411000;1.08E+11;pageview
2024-10-22 22:23:01.411000;1.08E+11;pageview
2024-10-22 22:23:01.411000;1.08E+11;pageview
2024-10-22 22:23:01.411000;1.08E+11;pageview
2024-10-22 22:23:01.411000;1.08E+11;pageview
2024-10-22 22:23:55.958000;1.08E+11;success
2024-10-22 22:23:55.958000;1.08E+11;success
2024-10-22 22:23:55.958000;1.08E+11;success
2024-10-22 22:23:55.958000;1.08E+11;success
2024-10-22 22:23:55.958000;1.08E+11;success
2024-10-22 22:23:55.958000;1.08E+11;success
2024-10-22 22:24:13.548000;1.08E+11;success
2024-10-22 22:24:13.548000;1.08E+11;success
2024-10-22 22:24:13.548000;1.08E+11;success
2024-10-22 22:24:26.803000;1.08E+11;pageview
2024-10-22 22:24:26.803000;1.08E+11;pageview
2024-10-22 22:24:26.803000;1.08E+11;pageview
2024-10-22 22:24:26.803000;1.08E+11;pageview
2024-10-22 22:24:26.803000;1.08E+11;pageview
2024-10-22 22:37:00.900000;1.08E+11;pageview
2024-10-22 22:37:00.900000;1.08E+11;pageview
2024-10-22 22:37:00.900000;1.08E+11;pageview
2024-10-22 22:37:00.900000;1.08E+11;pageview
2024-10-22 22:37:00.900000;1.08E+11;pageview
2024-10-22 22:37:00.900000;1.08E+11;pageview
2024-10-22 22:36:28.277000;1.08E+11;pageview
2024-10-22 22:36:28.277000;1.08E+11;pageview
2024-10-22 22:36:28.277000;1.08E+11;pageview
2024-10-22 22:36:28.277000;1.08E+11;pageview
2024-10-22 22:36:28.277000;1.08E+11;pageview
2024-10-22 22:36:28.277000;1.08E+11;pageview
2024-10-22 22:38:08.693000;1.08E+11;pageview
2024-10-22 22:38:08.693000;1.08E+11;pageview
2024-10-22 22:38:08.693000;1.08E+11;pageview
2024-10-22 22:38:08.693000;1.08E+11;pageview
2024-10-22 22:38:08.693000;1.08E+11;pageview
2024-10-22 22:37:50.730000;1.08E+11;pageview
2024-10-22 22:37:50.730000;1.08E+11;pageview
2024-10-22 22:37:50.730000;1.08E+11;pageview
2024-10-22 22:37:50.730000;1.08E+11;pageview
2024-10-22 22:37:50.730000;1.08E+11;pageview
2024-10-22 22:38:19.611000;1.08E+11;product_bin
2024-10-22 22:38:44.676000;1.08E+11;success
2024-10-22 22:38:44.676000;1.08E+11;success
2024-10-22 22:38:44.676000;1.08E+11;success
2024-10-22 22:38:44.676000;1.08E+11;success
2024-10-22 22:39:50.473000;1.08E+11;pageview
2024-10-22 22:40:09.152000;1.08E+11;product_bin
2024-10-22 22:40:08.126000;1.08E+11;product_bin
2024-10-22 22:40:05.905000;1.08E+11;product_bin
2024-10-22 22:40:18.544000;1.08E+11;product_bin
2024-10-22 22:40:12.912000;1.08E+11;product_bin
2024-10-22 22:40:16.612000;1.08E+11;product_bin
2024-10-22 22:40:14.710000;1.08E+11;product_bin
